{"userid":"27017","username":"sjqq13697","userpass":"aalife","usernickname":"Delicious","createdate":"2016-09-03","useremail":"","userphone":"","userworkday":"5","usermoney":"0.0","categoryrate":"90","userbound":"1","userimage":"tu_27017.jpg","login":"true","category":"0","cardid":"1","typeid":"0","homeview":"month","localsync":"true","websync":"false","sync":"有未同步的本地数据。","bakdate":"2017-02-10","lock":"","welcome":"www.fxlweb.com"}

DELETE FROM ItemTable;
INSERT INTO ItemTable (ItemID, ItemName, ItemPrice, ItemBuyDate, CategoryID, Recommend, Synchronize, RegionID, RegionType, ItemType, ZhuanTiID, CardID, ItemWebID) VALUES ('1', '稀饭+蛋饼+煎饺', '5', '2016-09-05 17:20:04', '12', '0', '1', '0', '', 'zc', '0', '2', '0');
INSERT INTO ItemTable (ItemID, ItemName, ItemPrice, ItemBuyDate, CategoryID, Recommend, Synchronize, RegionID, RegionType, ItemType, ZhuanTiID, CardID, ItemWebID) VALUES ('2', '豆腐+鸭肉', '8', '2016-09-05 17:20:17', '12', '0', '1', '0', '', 'zc', '0', '2', '0');
INSERT INTO ItemTable (ItemID, ItemName, ItemPrice, ItemBuyDate, CategoryID, Recommend, Synchronize, RegionID, RegionType, ItemType, ZhuanTiID, CardID, ItemWebID) VALUES ('3', '橘子+苹果+小西红柿+枣', '11.5', '2016-09-05 17:22:17', '28', '0', '1', '0', '', 'zc', '0', '2', '0');
INSERT INTO ItemTable (ItemID, ItemName, ItemPrice, ItemBuyDate, CategoryID, Recommend, Synchronize, RegionID, RegionType, ItemType, ZhuanTiID, CardID, ItemWebID) VALUES ('4', '卫生巾', '16.1', '2016-09-05 17:22:46', '20', '0', '1', '0', '', 'zc', '0', '2', '0');
INSERT INTO ItemTable (ItemID, ItemName, ItemPrice, ItemBuyDate, CategoryID, Recommend, Synchronize, RegionID, RegionType, ItemType, ZhuanTiID, CardID, ItemWebID) VALUES ('5', '挂钩', '4.9', '2016-09-05 17:23:04', '20', '0', '1', '0', '', 'zc', '0', '2', '0');
INSERT INTO ItemTable (ItemID, ItemName, ItemPrice, ItemBuyDate, CategoryID, Recommend, Synchronize, RegionID, RegionType, ItemType, ZhuanTiID, CardID, ItemWebID) VALUES ('6', '衣架', '15', '2016-09-05 17:23:21', '20', '0', '1', '0', '', 'zc', '0', '2', '0');
INSERT INTO ItemTable (ItemID, ItemName, ItemPrice, ItemBuyDate, CategoryID, Recommend, Synchronize, RegionID, RegionType, ItemType, ZhuanTiID, CardID, ItemWebID) VALUES ('7', '桶+刷子', '15.5', '2016-09-05 18:22:21', '20', '0', '1', '0', '', 'zc', '0', '2', '0');
INSERT INTO ItemTable (ItemID, ItemName, ItemPrice, ItemBuyDate, CategoryID, Recommend, Synchronize, RegionID, RegionType, ItemType, ZhuanTiID, CardID, ItemWebID) VALUES ('8', '皮蛋瘦肉粥', '5', '2016-09-05 22:36:14', '12', '0', '1', '0', '', 'zc', '0', '2', '0');
INSERT INTO ItemTable (ItemID, ItemName, ItemPrice, ItemBuyDate, CategoryID, Recommend, Synchronize, RegionID, RegionType, ItemType, ZhuanTiID, CardID, ItemWebID) VALUES ('9', '六级报名', '40', '2016-09-05 22:38:40', '30', '0', '1', '0', '', 'zc', '0', '2', '0');
INSERT INTO ItemTable (ItemID, ItemName, ItemPrice, ItemBuyDate, CategoryID, Recommend, Synchronize, RegionID, RegionType, ItemType, ZhuanTiID, CardID, ItemWebID) VALUES ('10', '支付宝', '3427.7', '2016-09-05 23:06:45', '32', '0', '1', '0', '', 'sr', '0', '4', '0');
INSERT INTO ItemTable (ItemID, ItemName, ItemPrice, ItemBuyDate, CategoryID, Recommend, Synchronize, RegionID, RegionType, ItemType, ZhuanTiID, CardID, ItemWebID) VALUES ('11', '微信', '801', '2016-09-05 23:04:47', '32', '0', '1', '0', '', 'sr', '0', '4', '0');
INSERT INTO ItemTable (ItemID, ItemName, ItemPrice, ItemBuyDate, CategoryID, Recommend, Synchronize, RegionID, RegionType, ItemType, ZhuanTiID, CardID, ItemWebID) VALUES ('12', '银行卡', '750', '2016-09-05 23:05:37', '32', '0', '1', '0', '', 'sr', '0', '4', '0');
INSERT INTO ItemTable (ItemID, ItemName, ItemPrice, ItemBuyDate, CategoryID, Recommend, Synchronize, RegionID, RegionType, ItemType, ZhuanTiID, CardID, ItemWebID) VALUES ('13', '现金', '605.3', '2016-09-05 23:06:33', '32', '0', '1', '0', '', 'sr', '0', '4', '0');
INSERT INTO ItemTable (ItemID, ItemName, ItemPrice, ItemBuyDate, CategoryID, Recommend, Synchronize, RegionID, RegionType, ItemType, ZhuanTiID, CardID, ItemWebID) VALUES ('14', '豆浆+鸡蛋汉堡', '5', '2016-09-06 15:18:24', '12', '0', '1', '0', '', 'zc', '0', '2', '0');
INSERT INTO ItemTable (ItemID, ItemName, ItemPrice, ItemBuyDate, CategoryID, Recommend, Synchronize, RegionID, RegionType, ItemType, ZhuanTiID, CardID, ItemWebID) VALUES ('15', '凉皮', '7', '2016-09-06 15:18:32', '12', '0', '1', '0', '', 'zc', '0', '2', '0');
INSERT INTO ItemTable (ItemID, ItemName, ItemPrice, ItemBuyDate, CategoryID, Recommend, Synchronize, RegionID, RegionType, ItemType, ZhuanTiID, CardID, ItemWebID) VALUES ('16', '重庆小面', '8', '2016-09-06 22:43:26', '12', '0', '1', '0', '', 'zc', '0', '2', '0');
INSERT INTO ItemTable (ItemID, ItemName, ItemPrice, ItemBuyDate, CategoryID, Recommend, Synchronize, RegionID, RegionType, ItemType, ZhuanTiID, CardID, ItemWebID) VALUES ('17', '豆浆', '2', '2016-09-07 21:14:10', '12', '0', '1', '0', '', 'zc', '0', '2', '0');
INSERT INTO ItemTable (ItemID, ItemName, ItemPrice, ItemBuyDate, CategoryID, Recommend, Synchronize, RegionID, RegionType, ItemType, ZhuanTiID, CardID, ItemWebID) VALUES ('18', '肉+菜', '8', '2016-09-07 21:14:23', '12', '0', '1', '0', '', 'zc', '0', '2', '0');
INSERT INTO ItemTable (ItemID, ItemName, ItemPrice, ItemBuyDate, CategoryID, Recommend, Synchronize, RegionID, RegionType, ItemType, ZhuanTiID, CardID, ItemWebID) VALUES ('19', '山药排骨粥', '5', '2016-09-07 21:14:35', '12', '0', '1', '0', '', 'zc', '0', '2', '0');
INSERT INTO ItemTable (ItemID, ItemName, ItemPrice, ItemBuyDate, CategoryID, Recommend, Synchronize, RegionID, RegionType, ItemType, ZhuanTiID, CardID, ItemWebID) VALUES ('20', '豆浆+鸡蛋', '3', '2016-09-08 22:51:10', '12', '0', '1', '0', '', 'zc', '0', '2', '0');
INSERT INTO ItemTable (ItemID, ItemName, ItemPrice, ItemBuyDate, CategoryID, Recommend, Synchronize, RegionID, RegionType, ItemType, ZhuanTiID, CardID, ItemWebID) VALUES ('21', '豆腐+肉', '8', '2016-09-08 22:51:26', '12', '0', '1', '0', '', 'zc', '0', '2', '0');
INSERT INTO ItemTable (ItemID, ItemName, ItemPrice, ItemBuyDate, CategoryID, Recommend, Synchronize, RegionID, RegionType, ItemType, ZhuanTiID, CardID, ItemWebID) VALUES ('22', '香菇面线', '7', '2016-09-08 22:51:47', '12', '0', '1', '0', '', 'zc', '0', '2', '0');
INSERT INTO ItemTable (ItemID, ItemName, ItemPrice, ItemBuyDate, CategoryID, Recommend, Synchronize, RegionID, RegionType, ItemType, ZhuanTiID, CardID, ItemWebID) VALUES ('23', '豆浆+馒头', '2.5', '2016-09-09 13:12:07', '12', '0', '1', '0', '', 'zc', '0', '2', '0');
INSERT INTO ItemTable (ItemID, ItemName, ItemPrice, ItemBuyDate, CategoryID, Recommend, Synchronize, RegionID, RegionType, ItemType, ZhuanTiID, CardID, ItemWebID) VALUES ('24', '肉+菜', '8', '2016-09-09 13:12:13', '12', '0', '1', '0', '', 'zc', '0', '2', '0');
INSERT INTO ItemTable (ItemID, ItemName, ItemPrice, ItemBuyDate, CategoryID, Recommend, Synchronize, RegionID, RegionType, ItemType, ZhuanTiID, CardID, ItemWebID) VALUES ('25', '西红柿鸡蛋面', '7', '2016-09-09 13:12:20', '12', '0', '1', '0', '', 'zc', '0', '2', '0');
INSERT INTO ItemTable (ItemID, ItemName, ItemPrice, ItemBuyDate, CategoryID, Recommend, Synchronize, RegionID, RegionType, ItemType, ZhuanTiID, CardID, ItemWebID) VALUES ('26', '鸡蛋汉堡', '3', '2016-09-10 13:13:16', '12', '0', '1', '0', '', 'zc', '0', '2', '0');
INSERT INTO ItemTable (ItemID, ItemName, ItemPrice, ItemBuyDate, CategoryID, Recommend, Synchronize, RegionID, RegionType, ItemType, ZhuanTiID, CardID, ItemWebID) VALUES ('27', '牛肉+菜', '9', '2016-09-10 13:14:07', '12', '0', '1', '0', '', 'zc', '0', '2', '0');
INSERT INTO ItemTable (ItemID, ItemName, ItemPrice, ItemBuyDate, CategoryID, Recommend, Synchronize, RegionID, RegionType, ItemType, ZhuanTiID, CardID, ItemWebID) VALUES ('28', '中秋动车退票', '12', '2016-09-10 18:52:02', '16', '0', '1', '0', '', 'zc', '0', '2', '0');
INSERT INTO ItemTable (ItemID, ItemName, ItemPrice, ItemBuyDate, CategoryID, Recommend, Synchronize, RegionID, RegionType, ItemType, ZhuanTiID, CardID, ItemWebID) VALUES ('29', '牛肉拉面', '7', '2016-09-10 19:25:07', '12', '0', '1', '0', '', 'zc', '0', '2', '0');
INSERT INTO ItemTable (ItemID, ItemName, ItemPrice, ItemBuyDate, CategoryID, Recommend, Synchronize, RegionID, RegionType, ItemType, ZhuanTiID, CardID, ItemWebID) VALUES ('30', '游泳', '6', '2016-09-10 19:25:57', '34', '0', '1', '0', '', 'zc', '0', '2', '0');
INSERT INTO ItemTable (ItemID, ItemName, ItemPrice, ItemBuyDate, CategoryID, Recommend, Synchronize, RegionID, RegionType, ItemType, ZhuanTiID, CardID, ItemWebID) VALUES ('31', '肉松+鸡蛋', '5', '2016-09-11 13:07:10', '12', '0', '1', '0', '', 'zc', '0', '2', '0');
INSERT INTO ItemTable (ItemID, ItemName, ItemPrice, ItemBuyDate, CategoryID, Recommend, Synchronize, RegionID, RegionType, ItemType, ZhuanTiID, CardID, ItemWebID) VALUES ('32', '杨国有', '17.5', '2016-09-11 13:07:23', '12', '0', '1', '0', '', 'zc', '0', '2', '0');
INSERT INTO ItemTable (ItemID, ItemName, ItemPrice, ItemBuyDate, CategoryID, Recommend, Synchronize, RegionID, RegionType, ItemType, ZhuanTiID, CardID, ItemWebID) VALUES ('33', '香芋排骨粥', '5', '2016-09-11 17:57:12', '12', '0', '1', '0', '', 'zc', '0', '2', '0');
INSERT INTO ItemTable (ItemID, ItemName, ItemPrice, ItemBuyDate, CategoryID, Recommend, Synchronize, RegionID, RegionType, ItemType, ZhuanTiID, CardID, ItemWebID) VALUES ('34', '苹果+枣', '12.7', '2016-09-11 17:57:30', '28', '0', '1', '0', '', 'zc', '0', '2', '0');
INSERT INTO ItemTable (ItemID, ItemName, ItemPrice, ItemBuyDate, CategoryID, Recommend, Synchronize, RegionID, RegionType, ItemType, ZhuanTiID, CardID, ItemWebID) VALUES ('35', '复印', '1.3', '2016-09-11 17:57:45', '22', '0', '1', '0', '', 'zc', '0', '2', '0');
INSERT INTO ItemTable (ItemID, ItemName, ItemPrice, ItemBuyDate, CategoryID, Recommend, Synchronize, RegionID, RegionType, ItemType, ZhuanTiID, CardID, ItemWebID) VALUES ('36', '鸡蛋汉堡', '3', '2016-09-12 12:16:14', '12', '0', '1', '0', '', 'zc', '0', '2', '0');
INSERT INTO ItemTable (ItemID, ItemName, ItemPrice, ItemBuyDate, CategoryID, Recommend, Synchronize, RegionID, RegionType, ItemType, ZhuanTiID, CardID, ItemWebID) VALUES ('37', '西红柿炒蛋+秋葵', '6.5', '2016-09-12 12:16:30', '12', '0', '1', '0', '', 'zc', '0', '2', '0');
INSERT INTO ItemTable (ItemID, ItemName, ItemPrice, ItemBuyDate, CategoryID, Recommend, Synchronize, RegionID, RegionType, ItemType, ZhuanTiID, CardID, ItemWebID) VALUES ('38', '舍费', '100', '2016-09-13 18:32:29', '36', '0', '1', '0', '', 'zc', '0', '2', '0');
INSERT INTO ItemTable (ItemID, ItemName, ItemPrice, ItemBuyDate, CategoryID, Recommend, Synchronize, RegionID, RegionType, ItemType, ZhuanTiID, CardID, ItemWebID) VALUES ('39', '西红柿鸡蛋面', '7', '2016-09-12 22:48:36', '12', '0', '1', '0', '', 'zc', '0', '2', '0');
INSERT INTO ItemTable (ItemID, ItemName, ItemPrice, ItemBuyDate, CategoryID, Recommend, Synchronize, RegionID, RegionType, ItemType, ZhuanTiID, CardID, ItemWebID) VALUES ('40', '豆浆+鸡蛋', '3', '2016-09-13 22:49:03', '12', '0', '1', '0', '', 'zc', '0', '2', '0');
INSERT INTO ItemTable (ItemID, ItemName, ItemPrice, ItemBuyDate, CategoryID, Recommend, Synchronize, RegionID, RegionType, ItemType, ZhuanTiID, CardID, ItemWebID) VALUES ('41', '凉皮', '7', '2016-09-13 22:49:11', '12', '0', '1', '0', '', 'zc', '0', '2', '0');
INSERT INTO ItemTable (ItemID, ItemName, ItemPrice, ItemBuyDate, CategoryID, Recommend, Synchronize, RegionID, RegionType, ItemType, ZhuanTiID, CardID, ItemWebID) VALUES ('42', '小米绿豆粥+蛋饼', '7', '2016-09-13 22:49:38', '12', '0', '1', '0', '', 'zc', '0', '2', '0');
INSERT INTO ItemTable (ItemID, ItemName, ItemPrice, ItemBuyDate, CategoryID, Recommend, Synchronize, RegionID, RegionType, ItemType, ZhuanTiID, CardID, ItemWebID) VALUES ('43', '菜包', '1.5', '2016-09-14 22:06:08', '12', '0', '1', '0', '', 'zc', '0', '2', '0');
INSERT INTO ItemTable (ItemID, ItemName, ItemPrice, ItemBuyDate, CategoryID, Recommend, Synchronize, RegionID, RegionType, ItemType, ZhuanTiID, CardID, ItemWebID) VALUES ('44', '灯笼果+石榴+苹果', '11', '2016-09-14 22:07:24', '28', '0', '1', '0', '', 'zc', '0', '2', '0');
INSERT INTO ItemTable (ItemID, ItemName, ItemPrice, ItemBuyDate, CategoryID, Recommend, Synchronize, RegionID, RegionType, ItemType, ZhuanTiID, CardID, ItemWebID) VALUES ('45', '抹茶蛋糕', '11', '2016-09-14 22:07:49', '12', '0', '1', '0', '', 'zc', '0', '2', '0');
INSERT INTO ItemTable (ItemID, ItemName, ItemPrice, ItemBuyDate, CategoryID, Recommend, Synchronize, RegionID, RegionType, ItemType, ZhuanTiID, CardID, ItemWebID) VALUES ('46', '山楂片+薯片', '11.4', '2016-09-14 22:09:49', '12', '0', '1', '0', '', 'zc', '0', '2', '0');
INSERT INTO ItemTable (ItemID, ItemName, ItemPrice, ItemBuyDate, CategoryID, Recommend, Synchronize, RegionID, RegionType, ItemType, ZhuanTiID, CardID, ItemWebID) VALUES ('47', '卫生巾', '3.9', '2016-09-14 22:10:06', '20', '0', '1', '0', '', 'zc', '0', '2', '0');
INSERT INTO ItemTable (ItemID, ItemName, ItemPrice, ItemBuyDate, CategoryID, Recommend, Synchronize, RegionID, RegionType, ItemType, ZhuanTiID, CardID, ItemWebID) VALUES ('48', '面包', '4.5', '2016-09-14 22:10:25', '12', '0', '1', '0', '', 'zc', '0', '2', '0');
INSERT INTO ItemTable (ItemID, ItemName, ItemPrice, ItemBuyDate, CategoryID, Recommend, Synchronize, RegionID, RegionType, ItemType, ZhuanTiID, CardID, ItemWebID) VALUES ('49', '酸菜米线', '8', '2016-09-15 22:11:08', '12', '0', '1', '0', '', 'zc', '0', '2', '0');
INSERT INTO ItemTable (ItemID, ItemName, ItemPrice, ItemBuyDate, CategoryID, Recommend, Synchronize, RegionID, RegionType, ItemType, ZhuanTiID, CardID, ItemWebID) VALUES ('50', '菜包+酸菜饼', '3', '2016-09-17 21:55:58', '12', '0', '1', '0', '', 'zc', '0', '2', '0');
INSERT INTO ItemTable (ItemID, ItemName, ItemPrice, ItemBuyDate, CategoryID, Recommend, Synchronize, RegionID, RegionType, ItemType, ZhuanTiID, CardID, ItemWebID) VALUES ('51', '猪肉咖喱饭', '16', '2016-09-17 21:56:12', '12', '0', '1', '0', '', 'zc', '0', '2', '0');
INSERT INTO ItemTable (ItemID, ItemName, ItemPrice, ItemBuyDate, CategoryID, Recommend, Synchronize, RegionID, RegionType, ItemType, ZhuanTiID, CardID, ItemWebID) VALUES ('52', '馒头+蛋饼', '2.5', '2016-09-18 11:28:53', '12', '0', '1', '0', '', 'zc', '0', '2', '0');
INSERT INTO ItemTable (ItemID, ItemName, ItemPrice, ItemBuyDate, CategoryID, Recommend, Synchronize, RegionID, RegionType, ItemType, ZhuanTiID, CardID, ItemWebID) VALUES ('53', '肉末蒸蛋+土豆', '9', '2016-09-18 11:29:20', '12', '0', '1', '0', '', 'zc', '0', '2', '0');
INSERT INTO ItemTable (ItemID, ItemName, ItemPrice, ItemBuyDate, CategoryID, Recommend, Synchronize, RegionID, RegionType, ItemType, ZhuanTiID, CardID, ItemWebID) VALUES ('54', '西红柿鸡蛋面', '7', '2016-09-18 11:29:37', '12', '0', '1', '0', '', 'zc', '0', '2', '0');
INSERT INTO ItemTable (ItemID, ItemName, ItemPrice, ItemBuyDate, CategoryID, Recommend, Synchronize, RegionID, RegionType, ItemType, ZhuanTiID, CardID, ItemWebID) VALUES ('55', '豆浆+馒头', '2.5', '2016-09-19 18:20:16', '12', '0', '1', '0', '', 'zc', '0', '2', '0');
INSERT INTO ItemTable (ItemID, ItemName, ItemPrice, ItemBuyDate, CategoryID, Recommend, Synchronize, RegionID, RegionType, ItemType, ZhuanTiID, CardID, ItemWebID) VALUES ('56', '韭菜炒蛋+卤蛋', '5.5', '2016-09-19 18:20:35', '12', '0', '1', '0', '', 'zc', '0', '2', '0');
INSERT INTO ItemTable (ItemID, ItemName, ItemPrice, ItemBuyDate, CategoryID, Recommend, Synchronize, RegionID, RegionType, ItemType, ZhuanTiID, CardID, ItemWebID) VALUES ('57', '五谷鱼粉', '10', '2016-09-19 18:20:50', '12', '0', '1', '0', '', 'zc', '0', '2', '0');
INSERT INTO ItemTable (ItemID, ItemName, ItemPrice, ItemBuyDate, CategoryID, Recommend, Synchronize, RegionID, RegionType, ItemType, ZhuanTiID, CardID, ItemWebID) VALUES ('58', '石榴+枣', '7.9', '2016-09-19 18:21:25', '28', '0', '1', '0', '', 'zc', '0', '2', '0');
INSERT INTO ItemTable (ItemID, ItemName, ItemPrice, ItemBuyDate, CategoryID, Recommend, Synchronize, RegionID, RegionType, ItemType, ZhuanTiID, CardID, ItemWebID) VALUES ('59', '杨桃', '1.7', '2016-09-20 20:15:04', '28', '0', '1', '0', '', 'zc', '0', '2', '0');
INSERT INTO ItemTable (ItemID, ItemName, ItemPrice, ItemBuyDate, CategoryID, Recommend, Synchronize, RegionID, RegionType, ItemType, ZhuanTiID, CardID, ItemWebID) VALUES ('60', '馒头+蛋饼', '2.5', '2016-09-20 20:15:14', '12', '0', '1', '0', '', 'zc', '0', '2', '0');
INSERT INTO ItemTable (ItemID, ItemName, ItemPrice, ItemBuyDate, CategoryID, Recommend, Synchronize, RegionID, RegionType, ItemType, ZhuanTiID, CardID, ItemWebID) VALUES ('61', '凉皮', '7', '2016-09-20 20:15:23', '12', '0', '1', '0', '', 'zc', '0', '2', '0');
INSERT INTO ItemTable (ItemID, ItemName, ItemPrice, ItemBuyDate, CategoryID, Recommend, Synchronize, RegionID, RegionType, ItemType, ZhuanTiID, CardID, ItemWebID) VALUES ('62', '罗汉肉面', '9', '2016-09-20 20:15:45', '12', '0', '1', '0', '', 'zc', '0', '2', '0');
INSERT INTO ItemTable (ItemID, ItemName, ItemPrice, ItemBuyDate, CategoryID, Recommend, Synchronize, RegionID, RegionType, ItemType, ZhuanTiID, CardID, ItemWebID) VALUES ('63', '馒头+蛋饼', '2.5', '2016-09-21 23:26:40', '12', '0', '1', '0', '', 'zc', '0', '2', '0');
INSERT INTO ItemTable (ItemID, ItemName, ItemPrice, ItemBuyDate, CategoryID, Recommend, Synchronize, RegionID, RegionType, ItemType, ZhuanTiID, CardID, ItemWebID) VALUES ('64', '柠檬猪排饭', '18', '2016-09-21 23:27:04', '12', '0', '1', '0', '', 'zc', '0', '2', '0');
INSERT INTO ItemTable (ItemID, ItemName, ItemPrice, ItemBuyDate, CategoryID, Recommend, Synchronize, RegionID, RegionType, ItemType, ZhuanTiID, CardID, ItemWebID) VALUES ('65', '猪肉玉米水饺', '8', '2016-09-21 23:27:20', '12', '0', '1', '0', '', 'zc', '0', '2', '0');
INSERT INTO ItemTable (ItemID, ItemName, ItemPrice, ItemBuyDate, CategoryID, Recommend, Synchronize, RegionID, RegionType, ItemType, ZhuanTiID, CardID, ItemWebID) VALUES ('66', '可乐+话梅', '6.5', '2016-09-21 23:27:39', '12', '0', '1', '0', '', 'zc', '0', '2', '0');
INSERT INTO ItemTable (ItemID, ItemName, ItemPrice, ItemBuyDate, CategoryID, Recommend, Synchronize, RegionID, RegionType, ItemType, ZhuanTiID, CardID, ItemWebID) VALUES ('67', '馒头+鸡蛋汉堡', '4.7', '2016-09-22 19:01:14', '12', '0', '1', '0', '', 'zc', '0', '2', '0');
INSERT INTO ItemTable (ItemID, ItemName, ItemPrice, ItemBuyDate, CategoryID, Recommend, Synchronize, RegionID, RegionType, ItemType, ZhuanTiID, CardID, ItemWebID) VALUES ('68', '凉皮', '7', '2016-09-22 19:01:23', '12', '0', '1', '0', '', 'zc', '0', '2', '0');
INSERT INTO ItemTable (ItemID, ItemName, ItemPrice, ItemBuyDate, CategoryID, Recommend, Synchronize, RegionID, RegionType, ItemType, ZhuanTiID, CardID, ItemWebID) VALUES ('69', '鸡蛋刀削面', '7', '2016-09-22 19:01:41', '12', '0', '1', '0', '', 'zc', '0', '2', '0');
INSERT INTO ItemTable (ItemID, ItemName, ItemPrice, ItemBuyDate, CategoryID, Recommend, Synchronize, RegionID, RegionType, ItemType, ZhuanTiID, CardID, ItemWebID) VALUES ('70', '馒头', '1', '2016-09-23 23:27:29', '12', '0', '1', '0', '', 'zc', '0', '2', '0');
INSERT INTO ItemTable (ItemID, ItemName, ItemPrice, ItemBuyDate, CategoryID, Recommend, Synchronize, RegionID, RegionType, ItemType, ZhuanTiID, CardID, ItemWebID) VALUES ('71', '海带+面筋', '5', '2016-09-23 23:27:40', '12', '0', '1', '0', '', 'zc', '0', '2', '0');
INSERT INTO ItemTable (ItemID, ItemName, ItemPrice, ItemBuyDate, CategoryID, Recommend, Synchronize, RegionID, RegionType, ItemType, ZhuanTiID, CardID, ItemWebID) VALUES ('72', '鱼粥', '10', '2016-09-23 23:27:57', '12', '0', '1', '0', '', 'zc', '0', '2', '0');
INSERT INTO ItemTable (ItemID, ItemName, ItemPrice, ItemBuyDate, CategoryID, Recommend, Synchronize, RegionID, RegionType, ItemType, ZhuanTiID, CardID, ItemWebID) VALUES ('73', '馒头+菜包', '2.5', '2016-09-24 19:36:31', '12', '0', '1', '0', '', 'zc', '0', '2', '0');
INSERT INTO ItemTable (ItemID, ItemName, ItemPrice, ItemBuyDate, CategoryID, Recommend, Synchronize, RegionID, RegionType, ItemType, ZhuanTiID, CardID, ItemWebID) VALUES ('74', '西红柿鸡蛋面', '7', '2016-09-24 19:37:28', '12', '0', '1', '0', '', 'zc', '0', '2', '0');
INSERT INTO ItemTable (ItemID, ItemName, ItemPrice, ItemBuyDate, CategoryID, Recommend, Synchronize, RegionID, RegionType, ItemType, ZhuanTiID, CardID, ItemWebID) VALUES ('75', '全州拌饭', '12', '2016-09-24 19:37:47', '12', '0', '1', '0', '', 'zc', '0', '2', '0');
INSERT INTO ItemTable (ItemID, ItemName, ItemPrice, ItemBuyDate, CategoryID, Recommend, Synchronize, RegionID, RegionType, ItemType, ZhuanTiID, CardID, ItemWebID) VALUES ('76', '玉米', '3.5', '2016-09-24 19:38:08', '12', '0', '1', '0', '', 'zc', '0', '2', '0');
INSERT INTO ItemTable (ItemID, ItemName, ItemPrice, ItemBuyDate, CategoryID, Recommend, Synchronize, RegionID, RegionType, ItemType, ZhuanTiID, CardID, ItemWebID) VALUES ('77', '柚子', '6.1', '2016-09-24 19:38:54', '28', '0', '1', '0', '', 'zc', '0', '2', '0');
INSERT INTO ItemTable (ItemID, ItemName, ItemPrice, ItemBuyDate, CategoryID, Recommend, Synchronize, RegionID, RegionType, ItemType, ZhuanTiID, CardID, ItemWebID) VALUES ('78', '金姑娘+石榴', '8.2', '2016-09-25 22:47:36', '28', '0', '1', '0', '', 'zc', '0', '2', '0');
INSERT INTO ItemTable (ItemID, ItemName, ItemPrice, ItemBuyDate, CategoryID, Recommend, Synchronize, RegionID, RegionType, ItemType, ZhuanTiID, CardID, ItemWebID) VALUES ('79', '馒头', '1', '2016-09-25 22:47:46', '12', '0', '1', '0', '', 'zc', '0', '2', '0');
INSERT INTO ItemTable (ItemID, ItemName, ItemPrice, ItemBuyDate, CategoryID, Recommend, Synchronize, RegionID, RegionType, ItemType, ZhuanTiID, CardID, ItemWebID) VALUES ('80', '西红柿鸡蛋面', '7', '2016-09-25 22:47:55', '12', '0', '1', '0', '', 'zc', '0', '2', '0');
INSERT INTO ItemTable (ItemID, ItemName, ItemPrice, ItemBuyDate, CategoryID, Recommend, Synchronize, RegionID, RegionType, ItemType, ZhuanTiID, CardID, ItemWebID) VALUES ('81', '蛋饼', '3', '2016-09-25 22:48:00', '12', '0', '1', '0', '', 'zc', '0', '2', '0');
INSERT INTO ItemTable (ItemID, ItemName, ItemPrice, ItemBuyDate, CategoryID, Recommend, Synchronize, RegionID, RegionType, ItemType, ZhuanTiID, CardID, ItemWebID) VALUES ('82', '馒头+鸡蛋', '2', '2016-09-26 18:12:09', '12', '0', '1', '0', '', 'zc', '0', '2', '0');
INSERT INTO ItemTable (ItemID, ItemName, ItemPrice, ItemBuyDate, CategoryID, Recommend, Synchronize, RegionID, RegionType, ItemType, ZhuanTiID, CardID, ItemWebID) VALUES ('83', '牛肉+山药木耳', '9', '2016-09-26 18:12:27', '12', '0', '1', '0', '', 'zc', '0', '2', '0');
INSERT INTO ItemTable (ItemID, ItemName, ItemPrice, ItemBuyDate, CategoryID, Recommend, Synchronize, RegionID, RegionType, ItemType, ZhuanTiID, CardID, ItemWebID) VALUES ('84', '煎蛋粉丝', '7', '2016-09-26 18:12:53', '12', '0', '1', '0', '', 'zc', '0', '2', '0');
INSERT INTO ItemTable (ItemID, ItemName, ItemPrice, ItemBuyDate, CategoryID, Recommend, Synchronize, RegionID, RegionType, ItemType, ZhuanTiID, CardID, ItemWebID) VALUES ('85', '枣', '5', '2016-09-26 18:13:04', '28', '0', '1', '0', '', 'zc', '0', '2', '0');
INSERT INTO ItemTable (ItemID, ItemName, ItemPrice, ItemBuyDate, CategoryID, Recommend, Synchronize, RegionID, RegionType, ItemType, ZhuanTiID, CardID, ItemWebID) VALUES ('86', '馒头', '2', '2016-09-27 18:11:01', '12', '0', '1', '0', '', 'zc', '0', '2', '0');
INSERT INTO ItemTable (ItemID, ItemName, ItemPrice, ItemBuyDate, CategoryID, Recommend, Synchronize, RegionID, RegionType, ItemType, ZhuanTiID, CardID, ItemWebID) VALUES ('87', '凉皮', '7', '2016-09-27 18:11:07', '12', '0', '1', '0', '', 'zc', '0', '2', '0');
INSERT INTO ItemTable (ItemID, ItemName, ItemPrice, ItemBuyDate, CategoryID, Recommend, Synchronize, RegionID, RegionType, ItemType, ZhuanTiID, CardID, ItemWebID) VALUES ('88', '杨国有', '14', '2016-09-27 18:11:19', '12', '0', '1', '0', '', 'zc', '0', '2', '0');
INSERT INTO ItemTable (ItemID, ItemName, ItemPrice, ItemBuyDate, CategoryID, Recommend, Synchronize, RegionID, RegionType, ItemType, ZhuanTiID, CardID, ItemWebID) VALUES ('89', '面包', '4.5', '2016-09-27 18:11:35', '12', '0', '1', '0', '', 'zc', '0', '2', '0');
INSERT INTO ItemTable (ItemID, ItemName, ItemPrice, ItemBuyDate, CategoryID, Recommend, Synchronize, RegionID, RegionType, ItemType, ZhuanTiID, CardID, ItemWebID) VALUES ('90', '荔枝肉+玉米胡萝卜丁', '8.5', '2016-09-28 12:31:02', '12', '0', '1', '0', '', 'zc', '0', '2', '0');
INSERT INTO ItemTable (ItemID, ItemName, ItemPrice, ItemBuyDate, CategoryID, Recommend, Synchronize, RegionID, RegionType, ItemType, ZhuanTiID, CardID, ItemWebID) VALUES ('91', '蛋饼', '2.1', '2016-09-29 18:19:45', '12', '0', '1', '0', '', 'zc', '0', '2', '0');
INSERT INTO ItemTable (ItemID, ItemName, ItemPrice, ItemBuyDate, CategoryID, Recommend, Synchronize, RegionID, RegionType, ItemType, ZhuanTiID, CardID, ItemWebID) VALUES ('92', '凉皮', '7', '2016-09-29 18:19:54', '12', '0', '1', '0', '', 'zc', '0', '2', '0');
INSERT INTO ItemTable (ItemID, ItemName, ItemPrice, ItemBuyDate, CategoryID, Recommend, Synchronize, RegionID, RegionType, ItemType, ZhuanTiID, CardID, ItemWebID) VALUES ('93', '玉米', '3', '2016-09-29 18:20:01', '12', '0', '1', '0', '', 'zc', '0', '2', '0');
INSERT INTO ItemTable (ItemID, ItemName, ItemPrice, ItemBuyDate, CategoryID, Recommend, Synchronize, RegionID, RegionType, ItemType, ZhuanTiID, CardID, ItemWebID) VALUES ('94', '馒头+菜包', '2.5', '2016-09-30 14:17:16', '12', '0', '1', '0', '', 'zc', '0', '2', '0');
INSERT INTO ItemTable (ItemID, ItemName, ItemPrice, ItemBuyDate, CategoryID, Recommend, Synchronize, RegionID, RegionType, ItemType, ZhuanTiID, CardID, ItemWebID) VALUES ('95', '五谷鱼粉', '10', '2016-09-30 14:17:24', '12', '0', '1', '0', '', 'zc', '0', '2', '0');
INSERT INTO ItemTable (ItemID, ItemName, ItemPrice, ItemBuyDate, CategoryID, Recommend, Synchronize, RegionID, RegionType, ItemType, ZhuanTiID, CardID, ItemWebID) VALUES ('96', '茉莉清茶', '2.5', '2016-09-30 14:17:41', '12', '0', '1', '0', '', 'zc', '0', '2', '0');
INSERT INTO ItemTable (ItemID, ItemName, ItemPrice, ItemBuyDate, CategoryID, Recommend, Synchronize, RegionID, RegionType, ItemType, ZhuanTiID, CardID, ItemWebID) VALUES ('97', '部队火锅', '11', '2016-09-30 18:26:50', '12', '0', '1', '0', '', 'zc', '0', '2', '0');
INSERT INTO ItemTable (ItemID, ItemName, ItemPrice, ItemBuyDate, CategoryID, Recommend, Synchronize, RegionID, RegionType, ItemType, ZhuanTiID, CardID, ItemWebID) VALUES ('98', '安慕希', '100', '2016-10-02 21:59:26', '26', '0', '1', '0', '', 'zc', '0', '2', '0');
INSERT INTO ItemTable (ItemID, ItemName, ItemPrice, ItemBuyDate, CategoryID, Recommend, Synchronize, RegionID, RegionType, ItemType, ZhuanTiID, CardID, ItemWebID) VALUES ('99', '妈妈话费', '50', '2016-10-04 12:09:59', '26', '0', '1', '0', '', 'zc', '0', '2', '0');
INSERT INTO ItemTable (ItemID, ItemName, ItemPrice, ItemBuyDate, CategoryID, Recommend, Synchronize, RegionID, RegionType, ItemType, ZhuanTiID, CardID, ItemWebID) VALUES ('100', '泽彬游玩+大润发', '172', '2016-10-04 12:11:47', '26', '0', '1', '0', '', 'zc', '0', '2', '0');
INSERT INTO ItemTable (ItemID, ItemName, ItemPrice, ItemBuyDate, CategoryID, Recommend, Synchronize, RegionID, RegionType, ItemType, ZhuanTiID, CardID, ItemWebID) VALUES ('101', '泽彬午饭+三角饼', '45', '2016-10-05 15:13:26', '26', '0', '1', '0', '', 'zc', '0', '2', '0');
INSERT INTO ItemTable (ItemID, ItemName, ItemPrice, ItemBuyDate, CategoryID, Recommend, Synchronize, RegionID, RegionType, ItemType, ZhuanTiID, CardID, ItemWebID) VALUES ('102', '衣服', '310', '2016-10-05 15:13:49', '14', '0', '1', '0', '', 'zc', '0', '2', '0');
INSERT INTO ItemTable (ItemID, ItemName, ItemPrice, ItemBuyDate, CategoryID, Recommend, Synchronize, RegionID, RegionType, ItemType, ZhuanTiID, CardID, ItemWebID) VALUES ('103', '出租车回学校', '12', '2016-10-06 13:01:08', '16', '0', '1', '0', '', 'zc', '0', '2', '0');
INSERT INTO ItemTable (ItemID, ItemName, ItemPrice, ItemBuyDate, CategoryID, Recommend, Synchronize, RegionID, RegionType, ItemType, ZhuanTiID, CardID, ItemWebID) VALUES ('104', '肉末茄子盖浇饭', '11', '2016-10-07 13:02:03', '12', '0', '1', '0', '', 'zc', '0', '2', '0');
INSERT INTO ItemTable (ItemID, ItemName, ItemPrice, ItemBuyDate, CategoryID, Recommend, Synchronize, RegionID, RegionType, ItemType, ZhuanTiID, CardID, ItemWebID) VALUES ('105', '本子', '14', '2016-10-07 21:35:24', '22', '0', '1', '0', '', 'zc', '0', '2', '0');
INSERT INTO ItemTable (ItemID, ItemName, ItemPrice, ItemBuyDate, CategoryID, Recommend, Synchronize, RegionID, RegionType, ItemType, ZhuanTiID, CardID, ItemWebID) VALUES ('106', '爱茉莉护发精油', '65', '2016-10-07 22:15:57', '24', '0', '1', '0', '', 'zc', '0', '2', '0');
INSERT INTO ItemTable (ItemID, ItemName, ItemPrice, ItemBuyDate, CategoryID, Recommend, Synchronize, RegionID, RegionType, ItemType, ZhuanTiID, CardID, ItemWebID) VALUES ('107', '蘑菇肉+豆腐', '6.5', '2016-10-08 18:47:27', '12', '0', '1', '0', '', 'zc', '0', '2', '0');
INSERT INTO ItemTable (ItemID, ItemName, ItemPrice, ItemBuyDate, CategoryID, Recommend, Synchronize, RegionID, RegionType, ItemType, ZhuanTiID, CardID, ItemWebID) VALUES ('108', '青菜刀削面', '6', '2016-10-08 18:47:38', '12', '0', '1', '0', '', 'zc', '0', '2', '0');
INSERT INTO ItemTable (ItemID, ItemName, ItemPrice, ItemBuyDate, CategoryID, Recommend, Synchronize, RegionID, RegionType, ItemType, ZhuanTiID, CardID, ItemWebID) VALUES ('109', '芭乐+梨+枣+石榴', '15.8', '2016-10-08 18:52:09', '28', '0', '1', '0', '', 'zc', '0', '2', '0');
INSERT INTO ItemTable (ItemID, ItemName, ItemPrice, ItemBuyDate, CategoryID, Recommend, Synchronize, RegionID, RegionType, ItemType, ZhuanTiID, CardID, ItemWebID) VALUES ('110', '卫生巾', '19.7', '2016-10-08 18:52:44', '20', '0', '1', '0', '', 'zc', '0', '2', '0');
INSERT INTO ItemTable (ItemID, ItemName, ItemPrice, ItemBuyDate, CategoryID, Recommend, Synchronize, RegionID, RegionType, ItemType, ZhuanTiID, CardID, ItemWebID) VALUES ('111', '面巾纸', '22.8', '2016-10-08 18:53:15', '20', '0', '1', '0', '', 'zc', '0', '2', '0');
INSERT INTO ItemTable (ItemID, ItemName, ItemPrice, ItemBuyDate, CategoryID, Recommend, Synchronize, RegionID, RegionType, ItemType, ZhuanTiID, CardID, ItemWebID) VALUES ('112', '垃圾袋', '6.9', '2016-10-08 18:53:27', '20', '0', '1', '0', '', 'zc', '0', '2', '0');
INSERT INTO ItemTable (ItemID, ItemName, ItemPrice, ItemBuyDate, CategoryID, Recommend, Synchronize, RegionID, RegionType, ItemType, ZhuanTiID, CardID, ItemWebID) VALUES ('113', '馒头', '2', '2016-10-09 21:40:39', '12', '0', '1', '0', '', 'zc', '0', '2', '0');
INSERT INTO ItemTable (ItemID, ItemName, ItemPrice, ItemBuyDate, CategoryID, Recommend, Synchronize, RegionID, RegionType, ItemType, ZhuanTiID, CardID, ItemWebID) VALUES ('114', '西红柿刀削面', '7', '2016-10-09 21:41:02', '12', '0', '1', '0', '', 'zc', '0', '2', '0');
INSERT INTO ItemTable (ItemID, ItemName, ItemPrice, ItemBuyDate, CategoryID, Recommend, Synchronize, RegionID, RegionType, ItemType, ZhuanTiID, CardID, ItemWebID) VALUES ('115', '部队火锅', '10.5', '2016-10-09 21:41:51', '12', '0', '1', '0', '', 'zc', '0', '2', '0');
INSERT INTO ItemTable (ItemID, ItemName, ItemPrice, ItemBuyDate, CategoryID, Recommend, Synchronize, RegionID, RegionType, ItemType, ZhuanTiID, CardID, ItemWebID) VALUES ('116', '柚子', '9.5', '2016-10-09 21:42:04', '28', '0', '1', '0', '', 'zc', '0', '2', '0');
INSERT INTO ItemTable (ItemID, ItemName, ItemPrice, ItemBuyDate, CategoryID, Recommend, Synchronize, RegionID, RegionType, ItemType, ZhuanTiID, CardID, ItemWebID) VALUES ('117', '馒头', '2', '2016-10-10 18:21:30', '12', '0', '1', '0', '', 'zc', '0', '2', '0');
INSERT INTO ItemTable (ItemID, ItemName, ItemPrice, ItemBuyDate, CategoryID, Recommend, Synchronize, RegionID, RegionType, ItemType, ZhuanTiID, CardID, ItemWebID) VALUES ('118', '牛肉+土豆', '8', '2016-10-10 18:21:46', '12', '0', '1', '0', '', 'zc', '0', '2', '0');
INSERT INTO ItemTable (ItemID, ItemName, ItemPrice, ItemBuyDate, CategoryID, Recommend, Synchronize, RegionID, RegionType, ItemType, ZhuanTiID, CardID, ItemWebID) VALUES ('119', '炸酱面', '8', '2016-10-10 18:21:52', '12', '0', '1', '0', '', 'zc', '0', '2', '0');
INSERT INTO ItemTable (ItemID, ItemName, ItemPrice, ItemBuyDate, CategoryID, Recommend, Synchronize, RegionID, RegionType, ItemType, ZhuanTiID, CardID, ItemWebID) VALUES ('120', '鸡蛋汉堡+豆浆', '4.5', '2016-10-11 18:22:51', '12', '0', '1', '0', '', 'zc', '0', '2', '0');
INSERT INTO ItemTable (ItemID, ItemName, ItemPrice, ItemBuyDate, CategoryID, Recommend, Synchronize, RegionID, RegionType, ItemType, ZhuanTiID, CardID, ItemWebID) VALUES ('121', '凉皮', '7', '2016-10-11 18:22:59', '12', '0', '1', '0', '', 'zc', '0', '2', '0');
INSERT INTO ItemTable (ItemID, ItemName, ItemPrice, ItemBuyDate, CategoryID, Recommend, Synchronize, RegionID, RegionType, ItemType, ZhuanTiID, CardID, ItemWebID) VALUES ('122', '过桥米线', '8.5', '2016-10-11 18:23:15', '12', '0', '1', '0', '', 'zc', '0', '2', '0');
INSERT INTO ItemTable (ItemID, ItemName, ItemPrice, ItemBuyDate, CategoryID, Recommend, Synchronize, RegionID, RegionType, ItemType, ZhuanTiID, CardID, ItemWebID) VALUES ('123', '课本费', '387', '2016-10-11 18:23:29', '18', '0', '1', '0', '', 'zc', '0', '2', '0');
INSERT INTO ItemTable (ItemID, ItemName, ItemPrice, ItemBuyDate, CategoryID, Recommend, Synchronize, RegionID, RegionType, ItemType, ZhuanTiID, CardID, ItemWebID) VALUES ('124', '千层饼', '1.5', '2016-10-12 22:48:26', '12', '0', '1', '0', '', 'zc', '0', '2', '0');
INSERT INTO ItemTable (ItemID, ItemName, ItemPrice, ItemBuyDate, CategoryID, Recommend, Synchronize, RegionID, RegionType, ItemType, ZhuanTiID, CardID, ItemWebID) VALUES ('125', '玉米+饼', '6', '2016-10-12 22:49:33', '12', '0', '1', '0', '', 'zc', '0', '2', '0');
INSERT INTO ItemTable (ItemID, ItemName, ItemPrice, ItemBuyDate, CategoryID, Recommend, Synchronize, RegionID, RegionType, ItemType, ZhuanTiID, CardID, ItemWebID) VALUES ('126', '麻辣烫', '7', '2016-10-12 22:49:44', '12', '0', '1', '0', '', 'zc', '0', '2', '0');
INSERT INTO ItemTable (ItemID, ItemName, ItemPrice, ItemBuyDate, CategoryID, Recommend, Synchronize, RegionID, RegionType, ItemType, ZhuanTiID, CardID, ItemWebID) VALUES ('127', '旗山', '4', '2016-10-12 22:49:57', '16', '0', '1', '0', '', 'zc', '0', '2', '0');
INSERT INTO ItemTable (ItemID, ItemName, ItemPrice, ItemBuyDate, CategoryID, Recommend, Synchronize, RegionID, RegionType, ItemType, ZhuanTiID, CardID, ItemWebID) VALUES ('128', '馒头', '1', '2016-10-13 22:36:16', '12', '0', '1', '0', '', 'zc', '0', '2', '0');
INSERT INTO ItemTable (ItemID, ItemName, ItemPrice, ItemBuyDate, CategoryID, Recommend, Synchronize, RegionID, RegionType, ItemType, ZhuanTiID, CardID, ItemWebID) VALUES ('129', '凉皮', '7', '2016-10-13 22:36:24', '12', '0', '1', '0', '', 'zc', '0', '2', '0');
INSERT INTO ItemTable (ItemID, ItemName, ItemPrice, ItemBuyDate, CategoryID, Recommend, Synchronize, RegionID, RegionType, ItemType, ZhuanTiID, CardID, ItemWebID) VALUES ('130', '麻辣烫', '10', '2016-10-13 22:36:34', '12', '0', '1', '0', '', 'zc', '0', '2', '0');
INSERT INTO ItemTable (ItemID, ItemName, ItemPrice, ItemBuyDate, CategoryID, Recommend, Synchronize, RegionID, RegionType, ItemType, ZhuanTiID, CardID, ItemWebID) VALUES ('131', '舍费', '100', '2016-10-13 22:37:14', '36', '0', '1', '0', '', 'zc', '0', '2', '0');
INSERT INTO ItemTable (ItemID, ItemName, ItemPrice, ItemBuyDate, CategoryID, Recommend, Synchronize, RegionID, RegionType, ItemType, ZhuanTiID, CardID, ItemWebID) VALUES ('132', '碗糕+豆浆', '3.5', '2016-10-14 23:05:20', '12', '0', '1', '0', '', 'zc', '0', '2', '0');
INSERT INTO ItemTable (ItemID, ItemName, ItemPrice, ItemBuyDate, CategoryID, Recommend, Synchronize, RegionID, RegionType, ItemType, ZhuanTiID, CardID, ItemWebID) VALUES ('133', '面筋+秋葵', '5', '2016-10-14 23:05:37', '12', '0', '1', '0', '', 'zc', '0', '2', '0');
INSERT INTO ItemTable (ItemID, ItemName, ItemPrice, ItemBuyDate, CategoryID, Recommend, Synchronize, RegionID, RegionType, ItemType, ZhuanTiID, CardID, ItemWebID) VALUES ('134', '麻辣烫', '8.5', '2016-10-14 23:05:46', '12', '0', '1', '0', '', 'zc', '0', '2', '0');
INSERT INTO ItemTable (ItemID, ItemName, ItemPrice, ItemBuyDate, CategoryID, Recommend, Synchronize, RegionID, RegionType, ItemType, ZhuanTiID, CardID, ItemWebID) VALUES ('135', '苹果+柚子+金姑娘+芭乐', '23', '2016-10-14 23:06:43', '12', '0', '1', '0', '', 'zc', '0', '2', '0');
INSERT INTO ItemTable (ItemID, ItemName, ItemPrice, ItemBuyDate, CategoryID, Recommend, Synchronize, RegionID, RegionType, ItemType, ZhuanTiID, CardID, ItemWebID) VALUES ('136', '碗糕+粉丝饼', '3.5', '2016-10-15 15:46:26', '12', '0', '1', '0', '', 'zc', '0', '2', '0');
INSERT INTO ItemTable (ItemID, ItemName, ItemPrice, ItemBuyDate, CategoryID, Recommend, Synchronize, RegionID, RegionType, ItemType, ZhuanTiID, CardID, ItemWebID) VALUES ('137', '豆腐+黄瓜炒蛋', '5.5', '2016-10-15 15:46:57', '12', '0', '1', '0', '', 'zc', '0', '2', '0');
INSERT INTO ItemTable (ItemID, ItemName, ItemPrice, ItemBuyDate, CategoryID, Recommend, Synchronize, RegionID, RegionType, ItemType, ZhuanTiID, CardID, ItemWebID) VALUES ('138', '麻辣烫', '7.5', '2016-10-15 21:08:27', '12', '0', '1', '0', '', 'zc', '0', '2', '0');
INSERT INTO ItemTable (ItemID, ItemName, ItemPrice, ItemBuyDate, CategoryID, Recommend, Synchronize, RegionID, RegionType, ItemType, ZhuanTiID, CardID, ItemWebID) VALUES ('139', '碗糕', '1.5', '2016-10-16 23:16:53', '12', '0', '1', '0', '', 'zc', '0', '2', '0');
INSERT INTO ItemTable (ItemID, ItemName, ItemPrice, ItemBuyDate, CategoryID, Recommend, Synchronize, RegionID, RegionType, ItemType, ZhuanTiID, CardID, ItemWebID) VALUES ('140', '鸡蛋炒刀削', '10.5', '2016-10-16 23:17:15', '12', '0', '1', '0', '', 'zc', '0', '2', '0');
INSERT INTO ItemTable (ItemID, ItemName, ItemPrice, ItemBuyDate, CategoryID, Recommend, Synchronize, RegionID, RegionType, ItemType, ZhuanTiID, CardID, ItemWebID) VALUES ('141', '西红柿刀削面', '7', '2016-10-16 23:17:48', '12', '0', '1', '0', '', 'zc', '0', '2', '0');
INSERT INTO ItemTable (ItemID, ItemName, ItemPrice, ItemBuyDate, CategoryID, Recommend, Synchronize, RegionID, RegionType, ItemType, ZhuanTiID, CardID, ItemWebID) VALUES ('142', '话费', '50', '2016-10-17 08:15:08', '38', '0', '1', '0', '', 'zc', '0', '2', '0');
INSERT INTO ItemTable (ItemID, ItemName, ItemPrice, ItemBuyDate, CategoryID, Recommend, Synchronize, RegionID, RegionType, ItemType, ZhuanTiID, CardID, ItemWebID) VALUES ('143', '碗糕+蛋', '2.5', '2016-10-17 23:35:33', '12', '0', '1', '0', '', 'zc', '0', '2', '0');
INSERT INTO ItemTable (ItemID, ItemName, ItemPrice, ItemBuyDate, CategoryID, Recommend, Synchronize, RegionID, RegionType, ItemType, ZhuanTiID, CardID, ItemWebID) VALUES ('144', '腊肉+土豆', '8', '2016-10-17 23:35:47', '12', '0', '1', '0', '', 'zc', '0', '2', '0');
INSERT INTO ItemTable (ItemID, ItemName, ItemPrice, ItemBuyDate, CategoryID, Recommend, Synchronize, RegionID, RegionType, ItemType, ZhuanTiID, CardID, ItemWebID) VALUES ('145', '小米绿豆粥+蛋饼', '7', '2016-10-17 23:36:04', '12', '0', '1', '0', '', 'zc', '0', '2', '0');
INSERT INTO ItemTable (ItemID, ItemName, ItemPrice, ItemBuyDate, CategoryID, Recommend, Synchronize, RegionID, RegionType, ItemType, ZhuanTiID, CardID, ItemWebID) VALUES ('146', '芭乐+苹果', '11.1', '2016-10-17 23:36:22', '28', '0', '1', '0', '', 'zc', '0', '2', '0');
INSERT INTO ItemTable (ItemID, ItemName, ItemPrice, ItemBuyDate, CategoryID, Recommend, Synchronize, RegionID, RegionType, ItemType, ZhuanTiID, CardID, ItemWebID) VALUES ('147', '碗糕+蛋', '2.5', '2016-10-18 23:44:18', '12', '0', '1', '0', '', 'zc', '0', '2', '0');
INSERT INTO ItemTable (ItemID, ItemName, ItemPrice, ItemBuyDate, CategoryID, Recommend, Synchronize, RegionID, RegionType, ItemType, ZhuanTiID, CardID, ItemWebID) VALUES ('148', '凉皮', '7', '2016-10-18 23:44:29', '12', '0', '1', '0', '', 'zc', '0', '2', '0');
INSERT INTO ItemTable (ItemID, ItemName, ItemPrice, ItemBuyDate, CategoryID, Recommend, Synchronize, RegionID, RegionType, ItemType, ZhuanTiID, CardID, ItemWebID) VALUES ('149', '饺子', '7', '2016-10-18 23:44:38', '12', '0', '1', '0', '', 'zc', '0', '2', '0');
INSERT INTO ItemTable (ItemID, ItemName, ItemPrice, ItemBuyDate, CategoryID, Recommend, Synchronize, RegionID, RegionType, ItemType, ZhuanTiID, CardID, ItemWebID) VALUES ('150', '碗糕', '3', '2016-10-19 23:18:24', '12', '0', '1', '0', '', 'zc', '0', '2', '0');
INSERT INTO ItemTable (ItemID, ItemName, ItemPrice, ItemBuyDate, CategoryID, Recommend, Synchronize, RegionID, RegionType, ItemType, ZhuanTiID, CardID, ItemWebID) VALUES ('151', '肉+西红柿炒蛋', '6', '2016-10-19 23:18:40', '12', '0', '1', '0', '', 'zc', '0', '2', '0');
INSERT INTO ItemTable (ItemID, ItemName, ItemPrice, ItemBuyDate, CategoryID, Recommend, Synchronize, RegionID, RegionType, ItemType, ZhuanTiID, CardID, ItemWebID) VALUES ('152', '杨国有', '11', '2016-10-19 23:18:49', '12', '0', '1', '0', '', 'zc', '0', '2', '0');
INSERT INTO ItemTable (ItemID, ItemName, ItemPrice, ItemBuyDate, CategoryID, Recommend, Synchronize, RegionID, RegionType, ItemType, ZhuanTiID, CardID, ItemWebID) VALUES ('153', '苹果+金姑娘', '14.9', '2016-10-19 23:19:13', '28', '0', '1', '0', '', 'zc', '0', '2', '0');
INSERT INTO ItemTable (ItemID, ItemName, ItemPrice, ItemBuyDate, CategoryID, Recommend, Synchronize, RegionID, RegionType, ItemType, ZhuanTiID, CardID, ItemWebID) VALUES ('154', '防晒+芦荟胶', '151', '2016-10-19 23:19:31', '24', '0', '1', '0', '', 'zc', '0', '2', '0');
INSERT INTO ItemTable (ItemID, ItemName, ItemPrice, ItemBuyDate, CategoryID, Recommend, Synchronize, RegionID, RegionType, ItemType, ZhuanTiID, CardID, ItemWebID) VALUES ('155', '馒头+马蹄酥', '2.5', '2016-10-20 22:19:22', '12', '0', '1', '0', '', 'zc', '0', '2', '0');
INSERT INTO ItemTable (ItemID, ItemName, ItemPrice, ItemBuyDate, CategoryID, Recommend, Synchronize, RegionID, RegionType, ItemType, ZhuanTiID, CardID, ItemWebID) VALUES ('156', '凉皮', '7', '2016-10-20 22:19:29', '12', '0', '1', '0', '', 'zc', '0', '2', '0');
INSERT INTO ItemTable (ItemID, ItemName, ItemPrice, ItemBuyDate, CategoryID, Recommend, Synchronize, RegionID, RegionType, ItemType, ZhuanTiID, CardID, ItemWebID) VALUES ('157', '杨国有', '11', '2016-10-20 22:19:37', '12', '0', '1', '0', '', 'zc', '0', '2', '0');
INSERT INTO ItemTable (ItemID, ItemName, ItemPrice, ItemBuyDate, CategoryID, Recommend, Synchronize, RegionID, RegionType, ItemType, ZhuanTiID, CardID, ItemWebID) VALUES ('158', '面包', '4', '2016-10-20 22:19:46', '12', '0', '1', '0', '', 'zc', '0', '2', '0');
INSERT INTO ItemTable (ItemID, ItemName, ItemPrice, ItemBuyDate, CategoryID, Recommend, Synchronize, RegionID, RegionType, ItemType, ZhuanTiID, CardID, ItemWebID) VALUES ('159', '馒头+马蹄酥', '2.5', '2016-10-21 22:48:48', '12', '0', '1', '0', '', 'zc', '0', '2', '0');
INSERT INTO ItemTable (ItemID, ItemName, ItemPrice, ItemBuyDate, CategoryID, Recommend, Synchronize, RegionID, RegionType, ItemType, ZhuanTiID, CardID, ItemWebID) VALUES ('160', '鸡腿+肉', '7.5', '2016-10-21 22:49:06', '12', '0', '1', '0', '', 'zc', '0', '2', '0');
INSERT INTO ItemTable (ItemID, ItemName, ItemPrice, ItemBuyDate, CategoryID, Recommend, Synchronize, RegionID, RegionType, ItemType, ZhuanTiID, CardID, ItemWebID) VALUES ('161', '小米绿豆粥+蛋饼', '7', '2016-10-21 22:49:16', '12', '0', '1', '0', '', 'zc', '0', '2', '0');
INSERT INTO ItemTable (ItemID, ItemName, ItemPrice, ItemBuyDate, CategoryID, Recommend, Synchronize, RegionID, RegionType, ItemType, ZhuanTiID, CardID, ItemWebID) VALUES ('162', '芭乐', '7.4', '2016-10-21 22:49:34', '28', '0', '1', '0', '', 'zc', '0', '2', '0');
INSERT INTO ItemTable (ItemID, ItemName, ItemPrice, ItemBuyDate, CategoryID, Recommend, Synchronize, RegionID, RegionType, ItemType, ZhuanTiID, CardID, ItemWebID) VALUES ('163', '柚子', '11.4', '2016-10-22 23:34:06', '28', '0', '1', '0', '', 'zc', '0', '2', '0');
INSERT INTO ItemTable (ItemID, ItemName, ItemPrice, ItemBuyDate, CategoryID, Recommend, Synchronize, RegionID, RegionType, ItemType, ZhuanTiID, CardID, ItemWebID) VALUES ('164', '馒头+菜包', '2.5', '2016-10-22 23:34:14', '12', '0', '1', '0', '', 'zc', '0', '2', '0');
INSERT INTO ItemTable (ItemID, ItemName, ItemPrice, ItemBuyDate, CategoryID, Recommend, Synchronize, RegionID, RegionType, ItemType, ZhuanTiID, CardID, ItemWebID) VALUES ('165', '西红柿刀削面+香菇白菜饼', '9', '2016-10-22 23:34:41', '12', '0', '1', '0', '', 'zc', '0', '2', '0');
INSERT INTO ItemTable (ItemID, ItemName, ItemPrice, ItemBuyDate, CategoryID, Recommend, Synchronize, RegionID, RegionType, ItemType, ZhuanTiID, CardID, ItemWebID) VALUES ('166', '面包', '6', '2016-10-22 23:34:48', '12', '0', '1', '0', '', 'zc', '0', '2', '0');
INSERT INTO ItemTable (ItemID, ItemName, ItemPrice, ItemBuyDate, CategoryID, Recommend, Synchronize, RegionID, RegionType, ItemType, ZhuanTiID, CardID, ItemWebID) VALUES ('167', '馒头+饼', '2.5', '2016-10-23 16:37:33', '12', '0', '1', '0', '', 'zc', '0', '2', '0');
INSERT INTO ItemTable (ItemID, ItemName, ItemPrice, ItemBuyDate, CategoryID, Recommend, Synchronize, RegionID, RegionType, ItemType, ZhuanTiID, CardID, ItemWebID) VALUES ('168', '五谷鱼粉', '10', '2016-10-23 16:37:44', '12', '0', '1', '0', '', 'zc', '0', '2', '0');
INSERT INTO ItemTable (ItemID, ItemName, ItemPrice, ItemBuyDate, CategoryID, Recommend, Synchronize, RegionID, RegionType, ItemType, ZhuanTiID, CardID, ItemWebID) VALUES ('169', '玉米', '6.5', '2016-10-23 23:08:41', '12', '0', '1', '0', '', 'zc', '0', '2', '0');
INSERT INTO ItemTable (ItemID, ItemName, ItemPrice, ItemBuyDate, CategoryID, Recommend, Synchronize, RegionID, RegionType, ItemType, ZhuanTiID, CardID, ItemWebID) VALUES ('170', '青枣+苹果', '8.4', '2016-10-23 23:08:59', '28', '0', '1', '0', '', 'zc', '0', '2', '0');
INSERT INTO ItemTable (ItemID, ItemName, ItemPrice, ItemBuyDate, CategoryID, Recommend, Synchronize, RegionID, RegionType, ItemType, ZhuanTiID, CardID, ItemWebID) VALUES ('171', '泽彬衣服', '98', '2016-10-23 23:09:16', '26', '0', '1', '0', '', 'zc', '0', '2', '0');
INSERT INTO ItemTable (ItemID, ItemName, ItemPrice, ItemBuyDate, CategoryID, Recommend, Synchronize, RegionID, RegionType, ItemType, ZhuanTiID, CardID, ItemWebID) VALUES ('172', '安慕希', '100', '2016-10-23 23:09:22', '26', '0', '1', '0', '', 'zc', '0', '2', '0');
INSERT INTO ItemTable (ItemID, ItemName, ItemPrice, ItemBuyDate, CategoryID, Recommend, Synchronize, RegionID, RegionType, ItemType, ZhuanTiID, CardID, ItemWebID) VALUES ('173', '馒头+发糕', '2.5', '2016-10-24 22:25:48', '12', '0', '1', '0', '', 'zc', '0', '2', '0');
INSERT INTO ItemTable (ItemID, ItemName, ItemPrice, ItemBuyDate, CategoryID, Recommend, Synchronize, RegionID, RegionType, ItemType, ZhuanTiID, CardID, ItemWebID) VALUES ('174', '肉+豆腐', '8', '2016-10-24 22:25:58', '12', '0', '1', '0', '', 'zc', '0', '2', '0');
INSERT INTO ItemTable (ItemID, ItemName, ItemPrice, ItemBuyDate, CategoryID, Recommend, Synchronize, RegionID, RegionType, ItemType, ZhuanTiID, CardID, ItemWebID) VALUES ('175', '麻辣烫', '6', '2016-10-24 22:26:06', '12', '0', '1', '0', '', 'zc', '0', '2', '0');
INSERT INTO ItemTable (ItemID, ItemName, ItemPrice, ItemBuyDate, CategoryID, Recommend, Synchronize, RegionID, RegionType, ItemType, ZhuanTiID, CardID, ItemWebID) VALUES ('176', '面包', '8.5', '2016-10-24 22:26:14', '12', '0', '1', '0', '', 'zc', '0', '2', '0');
INSERT INTO ItemTable (ItemID, ItemName, ItemPrice, ItemBuyDate, CategoryID, Recommend, Synchronize, RegionID, RegionType, ItemType, ZhuanTiID, CardID, ItemWebID) VALUES ('177', '凉皮', '7', '2016-10-25 22:57:51', '12', '0', '1', '0', '', 'zc', '0', '2', '0');
INSERT INTO ItemTable (ItemID, ItemName, ItemPrice, ItemBuyDate, CategoryID, Recommend, Synchronize, RegionID, RegionType, ItemType, ZhuanTiID, CardID, ItemWebID) VALUES ('178', '麻辣烫', '8', '2016-10-25 22:57:59', '12', '0', '1', '0', '', 'zc', '0', '2', '0');
INSERT INTO ItemTable (ItemID, ItemName, ItemPrice, ItemBuyDate, CategoryID, Recommend, Synchronize, RegionID, RegionType, ItemType, ZhuanTiID, CardID, ItemWebID) VALUES ('179', '馒头', '2', '2016-10-26 18:56:33', '12', '0', '1', '0', '', 'zc', '0', '2', '0');
INSERT INTO ItemTable (ItemID, ItemName, ItemPrice, ItemBuyDate, CategoryID, Recommend, Synchronize, RegionID, RegionType, ItemType, ZhuanTiID, CardID, ItemWebID) VALUES ('180', '面筋+苦瓜+西红柿', '7', '2016-10-26 19:09:16', '12', '0', '1', '0', '', 'zc', '0', '2', '0');
INSERT INTO ItemTable (ItemID, ItemName, ItemPrice, ItemBuyDate, CategoryID, Recommend, Synchronize, RegionID, RegionType, ItemType, ZhuanTiID, CardID, ItemWebID) VALUES ('181', '杨国有', '14', '2016-10-26 19:09:27', '12', '0', '1', '0', '', 'zc', '0', '2', '0');
INSERT INTO ItemTable (ItemID, ItemName, ItemPrice, ItemBuyDate, CategoryID, Recommend, Synchronize, RegionID, RegionType, ItemType, ZhuanTiID, CardID, ItemWebID) VALUES ('182', '柚子+梨+香蕉', '18.1', '2016-10-26 19:10:25', '28', '0', '1', '0', '', 'zc', '0', '2', '0');
INSERT INTO ItemTable (ItemID, ItemName, ItemPrice, ItemBuyDate, CategoryID, Recommend, Synchronize, RegionID, RegionType, ItemType, ZhuanTiID, CardID, ItemWebID) VALUES ('183', '石锅拌饭', '25', '2016-10-27 21:19:52', '12', '0', '1', '0', '', 'zc', '0', '2', '0');
INSERT INTO ItemTable (ItemID, ItemName, ItemPrice, ItemBuyDate, CategoryID, Recommend, Synchronize, RegionID, RegionType, ItemType, ZhuanTiID, CardID, ItemWebID) VALUES ('184', '紫薯', '3.1', '2016-10-27 21:19:59', '12', '0', '1', '0', '', 'zc', '0', '2', '0');
INSERT INTO ItemTable (ItemID, ItemName, ItemPrice, ItemBuyDate, CategoryID, Recommend, Synchronize, RegionID, RegionType, ItemType, ZhuanTiID, CardID, ItemWebID) VALUES ('185', '洗发水', '29.8', '2016-10-27 22:36:08', '20', '0', '1', '0', '', 'zc', '0', '2', '0');
INSERT INTO ItemTable (ItemID, ItemName, ItemPrice, ItemBuyDate, CategoryID, Recommend, Synchronize, RegionID, RegionType, ItemType, ZhuanTiID, CardID, ItemWebID) VALUES ('186', '馒头+蛋饼', '3', '2016-10-28 22:34:27', '12', '0', '1', '0', '', 'zc', '0', '2', '0');
INSERT INTO ItemTable (ItemID, ItemName, ItemPrice, ItemBuyDate, CategoryID, Recommend, Synchronize, RegionID, RegionType, ItemType, ZhuanTiID, CardID, ItemWebID) VALUES ('187', '土豆+藕+冬瓜', '7', '2016-10-28 22:34:50', '12', '0', '1', '0', '', 'zc', '0', '2', '0');
INSERT INTO ItemTable (ItemID, ItemName, ItemPrice, ItemBuyDate, CategoryID, Recommend, Synchronize, RegionID, RegionType, ItemType, ZhuanTiID, CardID, ItemWebID) VALUES ('188', '地瓜', '4.5', '2016-10-28 22:34:58', '12', '0', '1', '0', '', 'zc', '0', '2', '0');
INSERT INTO ItemTable (ItemID, ItemName, ItemPrice, ItemBuyDate, CategoryID, Recommend, Synchronize, RegionID, RegionType, ItemType, ZhuanTiID, CardID, ItemWebID) VALUES ('189', '柿子', '5.8', '2016-10-28 22:35:15', '12', '0', '1', '0', '', 'zc', '0', '2', '0');
INSERT INTO ItemTable (ItemID, ItemName, ItemPrice, ItemBuyDate, CategoryID, Recommend, Synchronize, RegionID, RegionType, ItemType, ZhuanTiID, CardID, ItemWebID) VALUES ('190', '粉底液', '97', '2016-10-29 13:10:12', '24', '0', '1', '0', '', 'zc', '0', '2', '0');
INSERT INTO ItemTable (ItemID, ItemName, ItemPrice, ItemBuyDate, CategoryID, Recommend, Synchronize, RegionID, RegionType, ItemType, ZhuanTiID, CardID, ItemWebID) VALUES ('191', '馒头', '1', '2016-10-29 22:54:02', '12', '0', '1', '0', '', 'zc', '0', '2', '0');
INSERT INTO ItemTable (ItemID, ItemName, ItemPrice, ItemBuyDate, CategoryID, Recommend, Synchronize, RegionID, RegionType, ItemType, ZhuanTiID, CardID, ItemWebID) VALUES ('192', '豆腐+海带+苦瓜+包菜', '8', '2016-10-29 22:54:23', '12', '0', '1', '0', '', 'zc', '0', '2', '0');
INSERT INTO ItemTable (ItemID, ItemName, ItemPrice, ItemBuyDate, CategoryID, Recommend, Synchronize, RegionID, RegionType, ItemType, ZhuanTiID, CardID, ItemWebID) VALUES ('193', '玉米', '3', '2016-10-29 22:54:30', '12', '0', '1', '0', '', 'zc', '0', '2', '0');
INSERT INTO ItemTable (ItemID, ItemName, ItemPrice, ItemBuyDate, CategoryID, Recommend, Synchronize, RegionID, RegionType, ItemType, ZhuanTiID, CardID, ItemWebID) VALUES ('194', '馒头+酸菜饼', '2.5', '2016-10-30 22:54:47', '12', '0', '1', '0', '', 'zc', '0', '2', '0');
INSERT INTO ItemTable (ItemID, ItemName, ItemPrice, ItemBuyDate, CategoryID, Recommend, Synchronize, RegionID, RegionType, ItemType, ZhuanTiID, CardID, ItemWebID) VALUES ('195', '咖喱饭', '15', '2016-10-30 22:55:02', '12', '0', '1', '0', '', 'zc', '0', '2', '0');
INSERT INTO ItemTable (ItemID, ItemName, ItemPrice, ItemBuyDate, CategoryID, Recommend, Synchronize, RegionID, RegionType, ItemType, ZhuanTiID, CardID, ItemWebID) VALUES ('196', '紫薯', '4.2', '2016-10-30 22:55:09', '12', '0', '1', '0', '', 'zc', '0', '2', '0');
INSERT INTO ItemTable (ItemID, ItemName, ItemPrice, ItemBuyDate, CategoryID, Recommend, Synchronize, RegionID, RegionType, ItemType, ZhuanTiID, CardID, ItemWebID) VALUES ('197', '柿子', '2.9', '2016-10-30 22:55:25', '28', '0', '1', '0', '', 'zc', '0', '2', '0');
INSERT INTO ItemTable (ItemID, ItemName, ItemPrice, ItemBuyDate, CategoryID, Recommend, Synchronize, RegionID, RegionType, ItemType, ZhuanTiID, CardID, ItemWebID) VALUES ('198', '馒头+酸菜饼', '2.5', '2016-10-31 23:20:59', '12', '0', '1', '0', '', 'zc', '0', '2', '0');
INSERT INTO ItemTable (ItemID, ItemName, ItemPrice, ItemBuyDate, CategoryID, Recommend, Synchronize, RegionID, RegionType, ItemType, ZhuanTiID, CardID, ItemWebID) VALUES ('199', '肉+秋葵', '9', '2016-10-31 23:21:12', '12', '0', '1', '0', '', 'zc', '0', '2', '0');
INSERT INTO ItemTable (ItemID, ItemName, ItemPrice, ItemBuyDate, CategoryID, Recommend, Synchronize, RegionID, RegionType, ItemType, ZhuanTiID, CardID, ItemWebID) VALUES ('200', '麻辣烫', '8', '2016-10-31 23:21:17', '12', '0', '1', '0', '', 'zc', '0', '2', '0');
INSERT INTO ItemTable (ItemID, ItemName, ItemPrice, ItemBuyDate, CategoryID, Recommend, Synchronize, RegionID, RegionType, ItemType, ZhuanTiID, CardID, ItemWebID) VALUES ('201', '肉包+酸菜饼', '3', '2016-11-01 22:31:11', '12', '0', '1', '0', '', 'zc', '0', '2', '0');
INSERT INTO ItemTable (ItemID, ItemName, ItemPrice, ItemBuyDate, CategoryID, Recommend, Synchronize, RegionID, RegionType, ItemType, ZhuanTiID, CardID, ItemWebID) VALUES ('202', '鱼肉+玉米青豆萝卜丁', '7.5', '2016-11-01 22:31:54', '12', '0', '1', '0', '', 'zc', '0', '2', '0');
INSERT INTO ItemTable (ItemID, ItemName, ItemPrice, ItemBuyDate, CategoryID, Recommend, Synchronize, RegionID, RegionType, ItemType, ZhuanTiID, CardID, ItemWebID) VALUES ('203', '紫薯', '7', '2016-11-01 22:32:01', '12', '0', '1', '0', '', 'zc', '0', '2', '0');
INSERT INTO ItemTable (ItemID, ItemName, ItemPrice, ItemBuyDate, CategoryID, Recommend, Synchronize, RegionID, RegionType, ItemType, ZhuanTiID, CardID, ItemWebID) VALUES ('204', '馒头', '2', '2016-11-02 01:10:07', '12', '0', '1', '0', '', 'zc', '0', '2', '0');
INSERT INTO ItemTable (ItemID, ItemName, ItemPrice, ItemBuyDate, CategoryID, Recommend, Synchronize, RegionID, RegionType, ItemType, ZhuanTiID, CardID, ItemWebID) VALUES ('205', '玉米', '3', '2016-11-02 01:10:19', '12', '0', '1', '0', '', 'zc', '0', '2', '0');
INSERT INTO ItemTable (ItemID, ItemName, ItemPrice, ItemBuyDate, CategoryID, Recommend, Synchronize, RegionID, RegionType, ItemType, ZhuanTiID, CardID, ItemWebID) VALUES ('206', '发糕', '1.5', '2016-11-03 23:44:16', '12', '0', '1', '0', '', 'zc', '0', '2', '0');
INSERT INTO ItemTable (ItemID, ItemName, ItemPrice, ItemBuyDate, CategoryID, Recommend, Synchronize, RegionID, RegionType, ItemType, ZhuanTiID, CardID, ItemWebID) VALUES ('207', '西红柿刀削面+韭菜饼', '9', '2016-11-03 23:44:33', '12', '0', '1', '0', '', 'zc', '0', '2', '0');
INSERT INTO ItemTable (ItemID, ItemName, ItemPrice, ItemBuyDate, CategoryID, Recommend, Synchronize, RegionID, RegionType, ItemType, ZhuanTiID, CardID, ItemWebID) VALUES ('208', '杨国有', '15', '2016-11-03 23:44:39', '12', '0', '1', '0', '', 'zc', '0', '2', '0');
INSERT INTO ItemTable (ItemID, ItemName, ItemPrice, ItemBuyDate, CategoryID, Recommend, Synchronize, RegionID, RegionType, ItemType, ZhuanTiID, CardID, ItemWebID) VALUES ('209', '泽彬拉力器', '30', '2016-11-03 23:44:55', '26', '0', '1', '0', '', 'zc', '0', '2', '0');
INSERT INTO ItemTable (ItemID, ItemName, ItemPrice, ItemBuyDate, CategoryID, Recommend, Synchronize, RegionID, RegionType, ItemType, ZhuanTiID, CardID, ItemWebID) VALUES ('210', '铁板猪肉饭', '11', '2016-11-04 19:17:05', '12', '0', '1', '0', '', 'zc', '0', '2', '0');
INSERT INTO ItemTable (ItemID, ItemName, ItemPrice, ItemBuyDate, CategoryID, Recommend, Synchronize, RegionID, RegionType, ItemType, ZhuanTiID, CardID, ItemWebID) VALUES ('211', '双皮奶+棉花糖+酸奶', '14', '2016-11-04 19:17:59', '12', '0', '1', '0', '', 'zc', '0', '2', '0');
INSERT INTO ItemTable (ItemID, ItemName, ItemPrice, ItemBuyDate, CategoryID, Recommend, Synchronize, RegionID, RegionType, ItemType, ZhuanTiID, CardID, ItemWebID) VALUES ('212', '黑芝麻糊', '20', '2016-11-02 19:18:50', '12', '0', '1', '0', '', 'zc', '0', '2', '0');
INSERT INTO ItemTable (ItemID, ItemName, ItemPrice, ItemBuyDate, CategoryID, Recommend, Synchronize, RegionID, RegionType, ItemType, ZhuanTiID, CardID, ItemWebID) VALUES ('213', '苹果+橘子', '20', '2016-11-02 19:19:24', '28', '0', '1', '0', '', 'zc', '0', '2', '0');
INSERT INTO ItemTable (ItemID, ItemName, ItemPrice, ItemBuyDate, CategoryID, Recommend, Synchronize, RegionID, RegionType, ItemType, ZhuanTiID, CardID, ItemWebID) VALUES ('214', '牙膏+卫生巾', '40', '2016-11-02 19:20:49', '20', '0', '1', '0', '', 'zc', '0', '2', '0');
INSERT INTO ItemTable (ItemID, ItemName, ItemPrice, ItemBuyDate, CategoryID, Recommend, Synchronize, RegionID, RegionType, ItemType, ZhuanTiID, CardID, ItemWebID) VALUES ('215', '馒头+豆浆', '2.5', '2016-11-05 21:44:24', '12', '0', '1', '0', '', 'zc', '0', '2', '0');
INSERT INTO ItemTable (ItemID, ItemName, ItemPrice, ItemBuyDate, CategoryID, Recommend, Synchronize, RegionID, RegionType, ItemType, ZhuanTiID, CardID, ItemWebID) VALUES ('216', '红烧狮子头+绿瓜', '7', '2016-11-05 21:45:01', '12', '0', '1', '0', '', 'zc', '0', '2', '0');
INSERT INTO ItemTable (ItemID, ItemName, ItemPrice, ItemBuyDate, CategoryID, Recommend, Synchronize, RegionID, RegionType, ItemType, ZhuanTiID, CardID, ItemWebID) VALUES ('217', '麻辣烫', '10.5', '2016-11-05 21:45:08', '12', '0', '1', '0', '', 'zc', '0', '2', '0');
INSERT INTO ItemTable (ItemID, ItemName, ItemPrice, ItemBuyDate, CategoryID, Recommend, Synchronize, RegionID, RegionType, ItemType, ZhuanTiID, CardID, ItemWebID) VALUES ('218', '梨+西红柿+猕猴桃', '10.9', '2016-11-05 21:45:32', '28', '0', '1', '0', '', 'zc', '0', '2', '0');
INSERT INTO ItemTable (ItemID, ItemName, ItemPrice, ItemBuyDate, CategoryID, Recommend, Synchronize, RegionID, RegionType, ItemType, ZhuanTiID, CardID, ItemWebID) VALUES ('219', '珂润面霜', '145', '2016-11-05 22:47:32', '24', '0', '1', '0', '', 'zc', '0', '2', '0');
INSERT INTO ItemTable (ItemID, ItemName, ItemPrice, ItemBuyDate, CategoryID, Recommend, Synchronize, RegionID, RegionType, ItemType, ZhuanTiID, CardID, ItemWebID) VALUES ('220', '玉米', '6', '2016-11-06 22:56:48', '12', '0', '1', '0', '', 'zc', '0', '2', '0');
INSERT INTO ItemTable (ItemID, ItemName, ItemPrice, ItemBuyDate, CategoryID, Recommend, Synchronize, RegionID, RegionType, ItemType, ZhuanTiID, CardID, ItemWebID) VALUES ('221', '紫薯', '6', '2016-11-06 22:56:55', '12', '0', '1', '0', '', 'zc', '0', '2', '0');
INSERT INTO ItemTable (ItemID, ItemName, ItemPrice, ItemBuyDate, CategoryID, Recommend, Synchronize, RegionID, RegionType, ItemType, ZhuanTiID, CardID, ItemWebID) VALUES ('222', '补办校园卡', '25', '2016-11-07 17:41:58', '18', '0', '1', '0', '', 'zc', '0', '2', '0');
INSERT INTO ItemTable (ItemID, ItemName, ItemPrice, ItemBuyDate, CategoryID, Recommend, Synchronize, RegionID, RegionType, ItemType, ZhuanTiID, CardID, ItemWebID) VALUES ('223', '馒头+鸡蛋', '2', '2016-11-07 23:30:08', '12', '0', '1', '0', '', 'zc', '0', '2', '0');
INSERT INTO ItemTable (ItemID, ItemName, ItemPrice, ItemBuyDate, CategoryID, Recommend, Synchronize, RegionID, RegionType, ItemType, ZhuanTiID, CardID, ItemWebID) VALUES ('224', '鸡排+绿瓜+豆腐', '10', '2016-11-07 23:30:30', '12', '0', '1', '0', '', 'zc', '0', '2', '0');
INSERT INTO ItemTable (ItemID, ItemName, ItemPrice, ItemBuyDate, CategoryID, Recommend, Synchronize, RegionID, RegionType, ItemType, ZhuanTiID, CardID, ItemWebID) VALUES ('225', '杨国有', '13', '2016-11-07 23:30:40', '12', '0', '1', '0', '', 'zc', '0', '2', '0');
INSERT INTO ItemTable (ItemID, ItemName, ItemPrice, ItemBuyDate, CategoryID, Recommend, Synchronize, RegionID, RegionType, ItemType, ZhuanTiID, CardID, ItemWebID) VALUES ('226', '馒头', '2', '2016-11-08 23:51:04', '12', '0', '1', '0', '', 'zc', '0', '2', '0');
INSERT INTO ItemTable (ItemID, ItemName, ItemPrice, ItemBuyDate, CategoryID, Recommend, Synchronize, RegionID, RegionType, ItemType, ZhuanTiID, CardID, ItemWebID) VALUES ('227', '凉皮', '7', '2016-11-08 23:51:27', '12', '0', '1', '0', '', 'zc', '0', '2', '0');
INSERT INTO ItemTable (ItemID, ItemName, ItemPrice, ItemBuyDate, CategoryID, Recommend, Synchronize, RegionID, RegionType, ItemType, ZhuanTiID, CardID, ItemWebID) VALUES ('228', '麻椒鸡肉饭', '16', '2016-11-08 23:52:01', '12', '0', '1', '0', '', 'zc', '0', '2', '0');
INSERT INTO ItemTable (ItemID, ItemName, ItemPrice, ItemBuyDate, CategoryID, Recommend, Synchronize, RegionID, RegionType, ItemType, ZhuanTiID, CardID, ItemWebID) VALUES ('229', '馒头+菜包', '2.5', '2016-11-09 18:17:03', '12', '0', '1', '0', '', 'zc', '0', '2', '0');
INSERT INTO ItemTable (ItemID, ItemName, ItemPrice, ItemBuyDate, CategoryID, Recommend, Synchronize, RegionID, RegionType, ItemType, ZhuanTiID, CardID, ItemWebID) VALUES ('230', '卤蛋+菜瓜+豆腐', '7', '2016-11-09 18:17:29', '12', '0', '1', '0', '', 'zc', '0', '2', '0');
INSERT INTO ItemTable (ItemID, ItemName, ItemPrice, ItemBuyDate, CategoryID, Recommend, Synchronize, RegionID, RegionType, ItemType, ZhuanTiID, CardID, ItemWebID) VALUES ('231', '麻辣烫', '8', '2016-11-09 18:17:37', '12', '0', '1', '0', '', 'zc', '0', '2', '0');
INSERT INTO ItemTable (ItemID, ItemName, ItemPrice, ItemBuyDate, CategoryID, Recommend, Synchronize, RegionID, RegionType, ItemType, ZhuanTiID, CardID, ItemWebID) VALUES ('232', '馒头+豆浆+油条', '4.5', '2016-11-10 22:54:30', '12', '0', '1', '0', '', 'zc', '0', '2', '0');
INSERT INTO ItemTable (ItemID, ItemName, ItemPrice, ItemBuyDate, CategoryID, Recommend, Synchronize, RegionID, RegionType, ItemType, ZhuanTiID, CardID, ItemWebID) VALUES ('233', '咸菜饭', '4.5', '2016-11-10 22:54:49', '12', '0', '1', '0', '', 'zc', '0', '2', '0');
INSERT INTO ItemTable (ItemID, ItemName, ItemPrice, ItemBuyDate, CategoryID, Recommend, Synchronize, RegionID, RegionType, ItemType, ZhuanTiID, CardID, ItemWebID) VALUES ('234', '玉米', '2.9', '2016-11-10 22:55:03', '12', '0', '1', '0', '', 'zc', '0', '2', '0');
INSERT INTO ItemTable (ItemID, ItemName, ItemPrice, ItemBuyDate, CategoryID, Recommend, Synchronize, RegionID, RegionType, ItemType, ZhuanTiID, CardID, ItemWebID) VALUES ('235', '芭乐+香蕉+木瓜', '12.5', '2016-11-10 22:56:05', '28', '0', '1', '0', '', 'zc', '0', '2', '0');
INSERT INTO ItemTable (ItemID, ItemName, ItemPrice, ItemBuyDate, CategoryID, Recommend, Synchronize, RegionID, RegionType, ItemType, ZhuanTiID, CardID, ItemWebID) VALUES ('236', '枣+柿子+猕猴桃', '8.5', '2016-11-10 22:57:06', '28', '0', '1', '0', '', 'zc', '0', '2', '0');
INSERT INTO ItemTable (ItemID, ItemName, ItemPrice, ItemBuyDate, CategoryID, Recommend, Synchronize, RegionID, RegionType, ItemType, ZhuanTiID, CardID, ItemWebID) VALUES ('237', '馒头', '2', '2016-11-11 22:39:07', '12', '0', '1', '0', '', 'zc', '0', '2', '0');
INSERT INTO ItemTable (ItemID, ItemName, ItemPrice, ItemBuyDate, CategoryID, Recommend, Synchronize, RegionID, RegionType, ItemType, ZhuanTiID, CardID, ItemWebID) VALUES ('238', '豆腐+上海青+芋头', '7.5', '2016-11-11 22:39:52', '12', '0', '1', '0', '', 'zc', '0', '2', '0');
INSERT INTO ItemTable (ItemID, ItemName, ItemPrice, ItemBuyDate, CategoryID, Recommend, Synchronize, RegionID, RegionType, ItemType, ZhuanTiID, CardID, ItemWebID) VALUES ('239', '紫薯', '4.5', '2016-11-11 22:40:04', '12', '0', '1', '0', '', 'zc', '0', '2', '0');
INSERT INTO ItemTable (ItemID, ItemName, ItemPrice, ItemBuyDate, CategoryID, Recommend, Synchronize, RegionID, RegionType, ItemType, ZhuanTiID, CardID, ItemWebID) VALUES ('240', '折纸大全', '23', '2016-11-11 22:41:55', '22', '0', '1', '0', '', 'zc', '0', '2', '0');
INSERT INTO ItemTable (ItemID, ItemName, ItemPrice, ItemBuyDate, CategoryID, Recommend, Synchronize, RegionID, RegionType, ItemType, ZhuanTiID, CardID, ItemWebID) VALUES ('241', '鸡米花+土豆+豆腐', '9', '2016-11-12 22:34:10', '12', '0', '1', '0', '', 'zc', '0', '2', '0');
INSERT INTO ItemTable (ItemID, ItemName, ItemPrice, ItemBuyDate, CategoryID, Recommend, Synchronize, RegionID, RegionType, ItemType, ZhuanTiID, CardID, ItemWebID) VALUES ('242', '杂酱面', '8', '2016-11-12 22:34:18', '12', '0', '1', '0', '', 'zc', '0', '2', '0');
INSERT INTO ItemTable (ItemID, ItemName, ItemPrice, ItemBuyDate, CategoryID, Recommend, Synchronize, RegionID, RegionType, ItemType, ZhuanTiID, CardID, ItemWebID) VALUES ('243', '鞋子', '55', '2016-11-12 22:34:31', '14', '0', '1', '0', '', 'zc', '0', '2', '0');
INSERT INTO ItemTable (ItemID, ItemName, ItemPrice, ItemBuyDate, CategoryID, Recommend, Synchronize, RegionID, RegionType, ItemType, ZhuanTiID, CardID, ItemWebID) VALUES ('244', '蛋饼', '2', '2016-11-13 23:33:15', '12', '0', '1', '0', '', 'zc', '0', '2', '0');
INSERT INTO ItemTable (ItemID, ItemName, ItemPrice, ItemBuyDate, CategoryID, Recommend, Synchronize, RegionID, RegionType, ItemType, ZhuanTiID, CardID, ItemWebID) VALUES ('245', '排骨+土豆', '9', '2016-11-13 23:33:34', '12', '0', '1', '0', '', 'zc', '0', '2', '0');
INSERT INTO ItemTable (ItemID, ItemName, ItemPrice, ItemBuyDate, CategoryID, Recommend, Synchronize, RegionID, RegionType, ItemType, ZhuanTiID, CardID, ItemWebID) VALUES ('246', '紫薯', '2', '2016-11-13 23:33:40', '12', '0', '1', '0', '', 'zc', '0', '2', '0');
INSERT INTO ItemTable (ItemID, ItemName, ItemPrice, ItemBuyDate, CategoryID, Recommend, Synchronize, RegionID, RegionType, ItemType, ZhuanTiID, CardID, ItemWebID) VALUES ('247', '柿子+香蕉+西红柿+芒果', '14', '2016-11-13 23:35:18', '28', '0', '1', '0', '', 'zc', '0', '2', '0');
INSERT INTO ItemTable (ItemID, ItemName, ItemPrice, ItemBuyDate, CategoryID, Recommend, Synchronize, RegionID, RegionType, ItemType, ZhuanTiID, CardID, ItemWebID) VALUES ('248', '香蕉+苹果', '11.4', '2016-11-14 23:38:00', '28', '0', '1', '0', '', 'zc', '0', '2', '0');
INSERT INTO ItemTable (ItemID, ItemName, ItemPrice, ItemBuyDate, CategoryID, Recommend, Synchronize, RegionID, RegionType, ItemType, ZhuanTiID, CardID, ItemWebID) VALUES ('249', '馒头+发糕', '2.5', '2016-11-14 23:38:17', '12', '0', '1', '0', '', 'zc', '0', '2', '0');
INSERT INTO ItemTable (ItemID, ItemName, ItemPrice, ItemBuyDate, CategoryID, Recommend, Synchronize, RegionID, RegionType, ItemType, ZhuanTiID, CardID, ItemWebID) VALUES ('250', '锅包肉+土豆+玉米', '7.5', '2016-11-14 23:38:42', '12', '0', '1', '0', '', 'zc', '0', '2', '0');
INSERT INTO ItemTable (ItemID, ItemName, ItemPrice, ItemBuyDate, CategoryID, Recommend, Synchronize, RegionID, RegionType, ItemType, ZhuanTiID, CardID, ItemWebID) VALUES ('251', '西红柿刀削面+红豆饼', '9', '2016-11-14 23:39:01', '12', '0', '1', '0', '', 'zc', '0', '2', '0');
INSERT INTO ItemTable (ItemID, ItemName, ItemPrice, ItemBuyDate, CategoryID, Recommend, Synchronize, RegionID, RegionType, ItemType, ZhuanTiID, CardID, ItemWebID) VALUES ('252', '北海道', '3', '2016-11-14 23:39:11', '12', '0', '1', '0', '', 'zc', '0', '2', '0');
INSERT INTO ItemTable (ItemID, ItemName, ItemPrice, ItemBuyDate, CategoryID, Recommend, Synchronize, RegionID, RegionType, ItemType, ZhuanTiID, CardID, ItemWebID) VALUES ('253', '馒头+蛋糕', '2.5', '2016-11-15 00:15:25', '12', '0', '1', '0', '', 'zc', '0', '2', '0');
INSERT INTO ItemTable (ItemID, ItemName, ItemPrice, ItemBuyDate, CategoryID, Recommend, Synchronize, RegionID, RegionType, ItemType, ZhuanTiID, CardID, ItemWebID) VALUES ('254', '凉皮', '7', '2016-11-15 00:15:30', '12', '0', '1', '0', '', 'zc', '0', '2', '0');
INSERT INTO ItemTable (ItemID, ItemName, ItemPrice, ItemBuyDate, CategoryID, Recommend, Synchronize, RegionID, RegionType, ItemType, ZhuanTiID, CardID, ItemWebID) VALUES ('255', '麻辣烫', '7', '2016-11-15 00:15:55', '12', '0', '1', '0', '', 'zc', '0', '2', '0');
INSERT INTO ItemTable (ItemID, ItemName, ItemPrice, ItemBuyDate, CategoryID, Recommend, Synchronize, RegionID, RegionType, ItemType, ZhuanTiID, CardID, ItemWebID) VALUES ('256', '手机贴膜', '10', '2016-11-15 00:15:39', '20', '0', '1', '0', '', 'zc', '0', '2', '0');
INSERT INTO ItemTable (ItemID, ItemName, ItemPrice, ItemBuyDate, CategoryID, Recommend, Synchronize, RegionID, RegionType, ItemType, ZhuanTiID, CardID, ItemWebID) VALUES ('257', '蛋饼', '2', '2016-11-16 09:48:11', '12', '0', '1', '0', '', 'zc', '0', '2', '0');
INSERT INTO ItemTable (ItemID, ItemName, ItemPrice, ItemBuyDate, CategoryID, Recommend, Synchronize, RegionID, RegionType, ItemType, ZhuanTiID, CardID, ItemWebID) VALUES ('258', '石锅拌饭', '12', '2016-11-16 09:48:18', '12', '0', '1', '0', '', 'zc', '0', '2', '0');
INSERT INTO ItemTable (ItemID, ItemName, ItemPrice, ItemBuyDate, CategoryID, Recommend, Synchronize, RegionID, RegionType, ItemType, ZhuanTiID, CardID, ItemWebID) VALUES ('259', '杨国有+馒头', '12', '2016-11-16 09:48:25', '12', '0', '1', '0', '', 'zc', '0', '2', '0');
INSERT INTO ItemTable (ItemID, ItemName, ItemPrice, ItemBuyDate, CategoryID, Recommend, Synchronize, RegionID, RegionType, ItemType, ZhuanTiID, CardID, ItemWebID) VALUES ('260', '泽彬笔芯', '9.9', '2016-11-17 00:15:07', '26', '0', '1', '0', '', 'zc', '0', '2', '0');
INSERT INTO ItemTable (ItemID, ItemName, ItemPrice, ItemBuyDate, CategoryID, Recommend, Synchronize, RegionID, RegionType, ItemType, ZhuanTiID, CardID, ItemWebID) VALUES ('261', '舍费', '100', '2016-11-17 00:29:36', '36', '0', '1', '0', '', 'zc', '0', '2', '0');
INSERT INTO ItemTable (ItemID, ItemName, ItemPrice, ItemBuyDate, CategoryID, Recommend, Synchronize, RegionID, RegionType, ItemType, ZhuanTiID, CardID, ItemWebID) VALUES ('262', '馒头+豆浆', '3', '2016-11-17 23:59:20', '12', '0', '1', '0', '', 'zc', '0', '2', '0');
INSERT INTO ItemTable (ItemID, ItemName, ItemPrice, ItemBuyDate, CategoryID, Recommend, Synchronize, RegionID, RegionType, ItemType, ZhuanTiID, CardID, ItemWebID) VALUES ('263', '肉+土豆+芥菜', '8', '2016-11-17 00:00:06', '12', '0', '1', '0', '', 'zc', '0', '2', '0');
INSERT INTO ItemTable (ItemID, ItemName, ItemPrice, ItemBuyDate, CategoryID, Recommend, Synchronize, RegionID, RegionType, ItemType, ZhuanTiID, CardID, ItemWebID) VALUES ('264', '柿子+橘子', '8.9', '2016-11-17 00:00:23', '28', '0', '1', '0', '', 'zc', '0', '2', '0');
INSERT INTO ItemTable (ItemID, ItemName, ItemPrice, ItemBuyDate, CategoryID, Recommend, Synchronize, RegionID, RegionType, ItemType, ZhuanTiID, CardID, ItemWebID) VALUES ('265', '馒头', '3', '2016-11-18 09:46:36', '12', '0', '1', '0', '', 'zc', '0', '2', '0');
INSERT INTO ItemTable (ItemID, ItemName, ItemPrice, ItemBuyDate, CategoryID, Recommend, Synchronize, RegionID, RegionType, ItemType, ZhuanTiID, CardID, ItemWebID) VALUES ('266', '土豆+蛋卷', '7', '2016-11-18 09:46:49', '12', '0', '1', '0', '', 'zc', '0', '2', '0');
INSERT INTO ItemTable (ItemID, ItemName, ItemPrice, ItemBuyDate, CategoryID, Recommend, Synchronize, RegionID, RegionType, ItemType, ZhuanTiID, CardID, ItemWebID) VALUES ('267', '西红柿刀削+太阳饼', '10', '2016-11-18 09:47:08', '12', '0', '1', '0', '', 'zc', '0', '2', '0');
INSERT INTO ItemTable (ItemID, ItemName, ItemPrice, ItemBuyDate, CategoryID, Recommend, Synchronize, RegionID, RegionType, ItemType, ZhuanTiID, CardID, ItemWebID) VALUES ('268', '芭乐+木瓜', '5.2', '2016-11-18 09:47:24', '28', '0', '1', '0', '', 'zc', '0', '2', '0');
INSERT INTO ItemTable (ItemID, ItemName, ItemPrice, ItemBuyDate, CategoryID, Recommend, Synchronize, RegionID, RegionType, ItemType, ZhuanTiID, CardID, ItemWebID) VALUES ('269', '泽彬《战争论》', '50.6', '2016-11-18 09:47:57', '26', '0', '1', '0', '', 'zc', '0', '2', '0');
INSERT INTO ItemTable (ItemID, ItemName, ItemPrice, ItemBuyDate, CategoryID, Recommend, Synchronize, RegionID, RegionType, ItemType, ZhuanTiID, CardID, ItemWebID) VALUES ('270', '馒头+鸡蛋', '2', '2016-11-19 16:48:33', '12', '0', '1', '0', '', 'zc', '0', '2', '0');
INSERT INTO ItemTable (ItemID, ItemName, ItemPrice, ItemBuyDate, CategoryID, Recommend, Synchronize, RegionID, RegionType, ItemType, ZhuanTiID, CardID, ItemWebID) VALUES ('271', '豆腐+韭黄炒蛋+土豆', '6', '2016-11-19 16:49:19', '12', '0', '1', '0', '', 'zc', '0', '2', '0');
INSERT INTO ItemTable (ItemID, ItemName, ItemPrice, ItemBuyDate, CategoryID, Recommend, Synchronize, RegionID, RegionType, ItemType, ZhuanTiID, CardID, ItemWebID) VALUES ('272', '香蕉+芭乐+杨桃', '13.5', '2016-11-19 16:52:02', '28', '0', '1', '0', '', 'zc', '0', '2', '0');
INSERT INTO ItemTable (ItemID, ItemName, ItemPrice, ItemBuyDate, CategoryID, Recommend, Synchronize, RegionID, RegionType, ItemType, ZhuanTiID, CardID, ItemWebID) VALUES ('273', '馒头', '1', '2016-11-20 16:52:14', '12', '0', '1', '0', '', 'zc', '0', '2', '0');
INSERT INTO ItemTable (ItemID, ItemName, ItemPrice, ItemBuyDate, CategoryID, Recommend, Synchronize, RegionID, RegionType, ItemType, ZhuanTiID, CardID, ItemWebID) VALUES ('274', '紫薯+面包', '7.1', '2016-11-20 16:52:29', '12', '0', '1', '0', '', 'zc', '0', '2', '0');
INSERT INTO ItemTable (ItemID, ItemName, ItemPrice, ItemBuyDate, CategoryID, Recommend, Synchronize, RegionID, RegionType, ItemType, ZhuanTiID, CardID, ItemWebID) VALUES ('275', '粉扑', '9.6', '2016-11-20 16:52:40', '24', '0', '1', '0', '', 'zc', '0', '2', '0');
INSERT INTO ItemTable (ItemID, ItemName, ItemPrice, ItemBuyDate, CategoryID, Recommend, Synchronize, RegionID, RegionType, ItemType, ZhuanTiID, CardID, ItemWebID) VALUES ('276', '打底裤', '22.9', '2016-11-21 08:07:50', '14', '0', '1', '0', '', 'zc', '0', '2', '0');
INSERT INTO ItemTable (ItemID, ItemName, ItemPrice, ItemBuyDate, CategoryID, Recommend, Synchronize, RegionID, RegionType, ItemType, ZhuanTiID, CardID, ItemWebID) VALUES ('277', '牛仔裤', '139', '2016-11-21 08:07:55', '14', '0', '1', '0', '', 'zc', '0', '2', '0');
INSERT INTO ItemTable (ItemID, ItemName, ItemPrice, ItemBuyDate, CategoryID, Recommend, Synchronize, RegionID, RegionType, ItemType, ZhuanTiID, CardID, ItemWebID) VALUES ('278', '馒头+豆浆', '2.5', '2016-11-21 23:14:53', '12', '0', '1', '0', '', 'zc', '0', '2', '0');
INSERT INTO ItemTable (ItemID, ItemName, ItemPrice, ItemBuyDate, CategoryID, Recommend, Synchronize, RegionID, RegionType, ItemType, ZhuanTiID, CardID, ItemWebID) VALUES ('279', '肉+土豆', '9', '2016-11-21 23:15:36', '12', '0', '1', '0', '', 'zc', '0', '2', '0');
INSERT INTO ItemTable (ItemID, ItemName, ItemPrice, ItemBuyDate, CategoryID, Recommend, Synchronize, RegionID, RegionType, ItemType, ZhuanTiID, CardID, ItemWebID) VALUES ('280', '西红柿刀削面', '7', '2016-11-21 23:15:55', '12', '0', '1', '0', '', 'zc', '0', '2', '0');
INSERT INTO ItemTable (ItemID, ItemName, ItemPrice, ItemBuyDate, CategoryID, Recommend, Synchronize, RegionID, RegionType, ItemType, ZhuanTiID, CardID, ItemWebID) VALUES ('281', '芭乐+苹果', '16.5', '2016-11-21 23:16:41', '28', '0', '1', '0', '', 'zc', '0', '2', '0');
INSERT INTO ItemTable (ItemID, ItemName, ItemPrice, ItemBuyDate, CategoryID, Recommend, Synchronize, RegionID, RegionType, ItemType, ZhuanTiID, CardID, ItemWebID) VALUES ('282', '馒头+鸡蛋', '2', '2016-11-22 23:17:11', '12', '0', '1', '0', '', 'zc', '0', '2', '0');
INSERT INTO ItemTable (ItemID, ItemName, ItemPrice, ItemBuyDate, CategoryID, Recommend, Synchronize, RegionID, RegionType, ItemType, ZhuanTiID, CardID, ItemWebID) VALUES ('283', '咸饭', '13', '2016-11-22 23:17:28', '12', '0', '1', '0', '', 'zc', '0', '2', '0');
INSERT INTO ItemTable (ItemID, ItemName, ItemPrice, ItemBuyDate, CategoryID, Recommend, Synchronize, RegionID, RegionType, ItemType, ZhuanTiID, CardID, ItemWebID) VALUES ('284', '杨国有', '10', '2016-11-22 23:17:37', '12', '0', '1', '0', '', 'zc', '0', '2', '0');
INSERT INTO ItemTable (ItemID, ItemName, ItemPrice, ItemBuyDate, CategoryID, Recommend, Synchronize, RegionID, RegionType, ItemType, ZhuanTiID, CardID, ItemWebID) VALUES ('285', '馒头', '1', '2016-11-23 23:24:28', '12', '0', '1', '0', '', 'zc', '0', '2', '0');
INSERT INTO ItemTable (ItemID, ItemName, ItemPrice, ItemBuyDate, CategoryID, Recommend, Synchronize, RegionID, RegionType, ItemType, ZhuanTiID, CardID, ItemWebID) VALUES ('286', '牛肉土豆+青菜豆腐', '9', '2016-11-23 23:25:43', '12', '0', '1', '0', '', 'zc', '0', '2', '0');
INSERT INTO ItemTable (ItemID, ItemName, ItemPrice, ItemBuyDate, CategoryID, Recommend, Synchronize, RegionID, RegionType, ItemType, ZhuanTiID, CardID, ItemWebID) VALUES ('287', '炒河粉', '8', '2016-11-23 23:26:57', '12', '0', '1', '0', '', 'zc', '0', '2', '0');
INSERT INTO ItemTable (ItemID, ItemName, ItemPrice, ItemBuyDate, CategoryID, Recommend, Synchronize, RegionID, RegionType, ItemType, ZhuanTiID, CardID, ItemWebID) VALUES ('288', '馒头', '2', '2016-11-24 23:27:11', '12', '0', '1', '0', '', 'zc', '0', '2', '0');
INSERT INTO ItemTable (ItemID, ItemName, ItemPrice, ItemBuyDate, CategoryID, Recommend, Synchronize, RegionID, RegionType, ItemType, ZhuanTiID, CardID, ItemWebID) VALUES ('289', '五谷鱼粉', '10', '2016-11-24 23:27:23', '12', '0', '1', '0', '', 'zc', '0', '2', '0');
INSERT INTO ItemTable (ItemID, ItemName, ItemPrice, ItemBuyDate, CategoryID, Recommend, Synchronize, RegionID, RegionType, ItemType, ZhuanTiID, CardID, ItemWebID) VALUES ('290', '麻辣烫', '6.5', '2016-11-24 23:27:40', '12', '0', '1', '0', '', 'zc', '0', '2', '0');
INSERT INTO ItemTable (ItemID, ItemName, ItemPrice, ItemBuyDate, CategoryID, Recommend, Synchronize, RegionID, RegionType, ItemType, ZhuanTiID, CardID, ItemWebID) VALUES ('291', '木瓜', '2.4', '2016-11-24 23:27:59', '28', '0', '1', '0', '', 'zc', '0', '2', '0');
INSERT INTO ItemTable (ItemID, ItemName, ItemPrice, ItemBuyDate, CategoryID, Recommend, Synchronize, RegionID, RegionType, ItemType, ZhuanTiID, CardID, ItemWebID) VALUES ('292', '凤梨酥', '7', '2016-11-24 23:28:17', '12', '0', '1', '0', '', 'zc', '0', '2', '0');
INSERT INTO ItemTable (ItemID, ItemName, ItemPrice, ItemBuyDate, CategoryID, Recommend, Synchronize, RegionID, RegionType, ItemType, ZhuanTiID, CardID, ItemWebID) VALUES ('293', '馒头', '2', '2016-11-25 23:28:23', '12', '0', '1', '0', '', 'zc', '0', '2', '0');
INSERT INTO ItemTable (ItemID, ItemName, ItemPrice, ItemBuyDate, CategoryID, Recommend, Synchronize, RegionID, RegionType, ItemType, ZhuanTiID, CardID, ItemWebID) VALUES ('294', '土豆+茄子+豆腐', '6.5', '2016-11-25 23:29:39', '12', '0', '1', '0', '', 'zc', '0', '2', '0');
INSERT INTO ItemTable (ItemID, ItemName, ItemPrice, ItemBuyDate, CategoryID, Recommend, Synchronize, RegionID, RegionType, ItemType, ZhuanTiID, CardID, ItemWebID) VALUES ('295', '炒白果', '8', '2016-11-25 23:30:16', '12', '0', '1', '0', '', 'zc', '0', '2', '0');
INSERT INTO ItemTable (ItemID, ItemName, ItemPrice, ItemBuyDate, CategoryID, Recommend, Synchronize, RegionID, RegionType, ItemType, ZhuanTiID, CardID, ItemWebID) VALUES ('296', '木瓜+芭乐', '8.4', '2016-11-25 23:30:38', '28', '0', '1', '0', '', 'zc', '0', '2', '0');
INSERT INTO ItemTable (ItemID, ItemName, ItemPrice, ItemBuyDate, CategoryID, Recommend, Synchronize, RegionID, RegionType, ItemType, ZhuanTiID, CardID, ItemWebID) VALUES ('297', '馒头+饼干', '2.5', '2016-11-26 23:47:09', '12', '0', '1', '0', '', 'zc', '0', '2', '0');
INSERT INTO ItemTable (ItemID, ItemName, ItemPrice, ItemBuyDate, CategoryID, Recommend, Synchronize, RegionID, RegionType, ItemType, ZhuanTiID, CardID, ItemWebID) VALUES ('298', '粉', '10', '2016-11-26 23:47:20', '12', '0', '1', '0', '', 'zc', '0', '2', '0');
INSERT INTO ItemTable (ItemID, ItemName, ItemPrice, ItemBuyDate, CategoryID, Recommend, Synchronize, RegionID, RegionType, ItemType, ZhuanTiID, CardID, ItemWebID) VALUES ('299', '西红柿刀削面', '7', '2016-11-26 23:47:31', '12', '0', '1', '0', '', 'zc', '0', '2', '0');
INSERT INTO ItemTable (ItemID, ItemName, ItemPrice, ItemBuyDate, CategoryID, Recommend, Synchronize, RegionID, RegionType, ItemType, ZhuanTiID, CardID, ItemWebID) VALUES ('300', '旗山', '4', '2016-11-26 23:47:48', '16', '0', '1', '0', '', 'zc', '0', '2', '0');
INSERT INTO ItemTable (ItemID, ItemName, ItemPrice, ItemBuyDate, CategoryID, Recommend, Synchronize, RegionID, RegionType, ItemType, ZhuanTiID, CardID, ItemWebID) VALUES ('301', '猕猴桃+木瓜', '7.6', '2016-11-26 23:48:15', '28', '0', '1', '0', '', 'zc', '0', '2', '0');
INSERT INTO ItemTable (ItemID, ItemName, ItemPrice, ItemBuyDate, CategoryID, Recommend, Synchronize, RegionID, RegionType, ItemType, ZhuanTiID, CardID, ItemWebID) VALUES ('302', '虾条', '3', '2016-11-26 23:48:30', '12', '0', '1', '0', '', 'zc', '0', '2', '0');
INSERT INTO ItemTable (ItemID, ItemName, ItemPrice, ItemBuyDate, CategoryID, Recommend, Synchronize, RegionID, RegionType, ItemType, ZhuanTiID, CardID, ItemWebID) VALUES ('303', '杂菇猪肉饭', '14', '2016-11-27 21:51:36', '12', '0', '1', '0', '', 'zc', '0', '2', '0');
INSERT INTO ItemTable (ItemID, ItemName, ItemPrice, ItemBuyDate, CategoryID, Recommend, Synchronize, RegionID, RegionType, ItemType, ZhuanTiID, CardID, ItemWebID) VALUES ('304', '小米绿豆粥+蛋饼', '7', '2016-11-27 21:51:59', '12', '0', '1', '0', '', 'zc', '0', '2', '0');
INSERT INTO ItemTable (ItemID, ItemName, ItemPrice, ItemBuyDate, CategoryID, Recommend, Synchronize, RegionID, RegionType, ItemType, ZhuanTiID, CardID, ItemWebID) VALUES ('305', '芦荟胶', '29.6', '2016-11-27 21:52:07', '24', '0', '1', '0', '', 'zc', '0', '2', '0');
INSERT INTO ItemTable (ItemID, ItemName, ItemPrice, ItemBuyDate, CategoryID, Recommend, Synchronize, RegionID, RegionType, ItemType, ZhuanTiID, CardID, ItemWebID) VALUES ('306', '玉米', '3', '2016-11-27 21:52:18', '12', '0', '1', '0', '', 'zc', '0', '2', '0');
INSERT INTO ItemTable (ItemID, ItemName, ItemPrice, ItemBuyDate, CategoryID, Recommend, Synchronize, RegionID, RegionType, ItemType, ZhuanTiID, CardID, ItemWebID) VALUES ('307', '芭乐', '4.7', '2016-11-27 21:52:30', '28', '0', '1', '0', '', 'zc', '0', '2', '0');
INSERT INTO ItemTable (ItemID, ItemName, ItemPrice, ItemBuyDate, CategoryID, Recommend, Synchronize, RegionID, RegionType, ItemType, ZhuanTiID, CardID, ItemWebID) VALUES ('308', '馒头', '2', '2016-11-28 22:52:24', '12', '0', '1', '0', '', 'zc', '0', '2', '0');
INSERT INTO ItemTable (ItemID, ItemName, ItemPrice, ItemBuyDate, CategoryID, Recommend, Synchronize, RegionID, RegionType, ItemType, ZhuanTiID, CardID, ItemWebID) VALUES ('311', '青豆+西红柿炒蛋', '7', '2016-11-28 22:53:53', '12', '0', '1', '0', '', 'zc', '0', '2', '0');
INSERT INTO ItemTable (ItemID, ItemName, ItemPrice, ItemBuyDate, CategoryID, Recommend, Synchronize, RegionID, RegionType, ItemType, ZhuanTiID, CardID, ItemWebID) VALUES ('312', '麻辣烫', '7', '2016-11-28 22:54:19', '12', '0', '1', '0', '', 'zc', '0', '2', '0');
INSERT INTO ItemTable (ItemID, ItemName, ItemPrice, ItemBuyDate, CategoryID, Recommend, Synchronize, RegionID, RegionType, ItemType, ZhuanTiID, CardID, ItemWebID) VALUES ('313', '面包', '2.5', '2016-11-28 22:54:25', '12', '0', '1', '0', '', 'zc', '0', '2', '0');
INSERT INTO ItemTable (ItemID, ItemName, ItemPrice, ItemBuyDate, CategoryID, Recommend, Synchronize, RegionID, RegionType, ItemType, ZhuanTiID, CardID, ItemWebID) VALUES ('314', '馒头+发糕', '2.5', '2016-11-29 22:55:01', '12', '0', '1', '0', '', 'zc', '0', '2', '0');
INSERT INTO ItemTable (ItemID, ItemName, ItemPrice, ItemBuyDate, CategoryID, Recommend, Synchronize, RegionID, RegionType, ItemType, ZhuanTiID, CardID, ItemWebID) VALUES ('315', '肉末米线', '8', '2016-11-29 22:55:14', '12', '0', '1', '0', '', 'zc', '0', '2', '0');
INSERT INTO ItemTable (ItemID, ItemName, ItemPrice, ItemBuyDate, CategoryID, Recommend, Synchronize, RegionID, RegionType, ItemType, ZhuanTiID, CardID, ItemWebID) VALUES ('316', '麻辣烫', '6', '2016-11-29 22:55:24', '12', '0', '1', '0', '', 'zc', '0', '2', '0');
INSERT INTO ItemTable (ItemID, ItemName, ItemPrice, ItemBuyDate, CategoryID, Recommend, Synchronize, RegionID, RegionType, ItemType, ZhuanTiID, CardID, ItemWebID) VALUES ('317', '水果麦片', '40', '2016-11-29 23:09:28', '12', '0', '1', '0', '', 'zc', '0', '2', '0');
INSERT INTO ItemTable (ItemID, ItemName, ItemPrice, ItemBuyDate, CategoryID, Recommend, Synchronize, RegionID, RegionType, ItemType, ZhuanTiID, CardID, ItemWebID) VALUES ('318', '医保', '150', '2016-11-29 23:09:43', '18', '0', '1', '0', '', 'zc', '0', '2', '0');
INSERT INTO ItemTable (ItemID, ItemName, ItemPrice, ItemBuyDate, CategoryID, Recommend, Synchronize, RegionID, RegionType, ItemType, ZhuanTiID, CardID, ItemWebID) VALUES ('319', '馒头', '1', '2016-11-30 22:50:05', '12', '0', '1', '0', '', 'zc', '0', '2', '0');
INSERT INTO ItemTable (ItemID, ItemName, ItemPrice, ItemBuyDate, CategoryID, Recommend, Synchronize, RegionID, RegionType, ItemType, ZhuanTiID, CardID, ItemWebID) VALUES ('320', '锅包肉+土豆', '9', '2016-11-30 22:50:18', '12', '0', '1', '0', '', 'zc', '0', '2', '0');
INSERT INTO ItemTable (ItemID, ItemName, ItemPrice, ItemBuyDate, CategoryID, Recommend, Synchronize, RegionID, RegionType, ItemType, ZhuanTiID, CardID, ItemWebID) VALUES ('321', '杨国有', '12', '2016-11-30 22:50:52', '12', '0', '1', '0', '', 'zc', '0', '2', '0');
INSERT INTO ItemTable (ItemID, ItemName, ItemPrice, ItemBuyDate, CategoryID, Recommend, Synchronize, RegionID, RegionType, ItemType, ZhuanTiID, CardID, ItemWebID) VALUES ('322', '电影票', '25', '2016-11-30 22:51:02', '34', '0', '1', '0', '', 'zc', '0', '2', '0');
INSERT INTO ItemTable (ItemID, ItemName, ItemPrice, ItemBuyDate, CategoryID, Recommend, Synchronize, RegionID, RegionType, ItemType, ZhuanTiID, CardID, ItemWebID) VALUES ('323', '芭乐+木瓜', '7', '2016-11-30 22:51:25', '28', '0', '1', '0', '', 'zc', '0', '2', '0');
INSERT INTO ItemTable (ItemID, ItemName, ItemPrice, ItemBuyDate, CategoryID, Recommend, Synchronize, RegionID, RegionType, ItemType, ZhuanTiID, CardID, ItemWebID) VALUES ('324', '千层饼+酸菜饼', '3', '2016-12-01 15:55:54', '12', '0', '1', '0', '', 'zc', '0', '2', '0');
INSERT INTO ItemTable (ItemID, ItemName, ItemPrice, ItemBuyDate, CategoryID, Recommend, Synchronize, RegionID, RegionType, ItemType, ZhuanTiID, CardID, ItemWebID) VALUES ('325', '五谷鱼粉', '10', '2016-12-01 15:56:07', '12', '0', '1', '0', '', 'zc', '0', '2', '0');
INSERT INTO ItemTable (ItemID, ItemName, ItemPrice, ItemBuyDate, CategoryID, Recommend, Synchronize, RegionID, RegionType, ItemType, ZhuanTiID, CardID, ItemWebID) VALUES ('326', '麻辣烫', '7', '2016-12-01 15:56:18', '12', '0', '1', '0', '', 'zc', '0', '2', '0');
INSERT INTO ItemTable (ItemID, ItemName, ItemPrice, ItemBuyDate, CategoryID, Recommend, Synchronize, RegionID, RegionType, ItemType, ZhuanTiID, CardID, ItemWebID) VALUES ('327', '木瓜+芭乐', '7', '2016-12-01 15:56:36', '28', '0', '1', '0', '', 'zc', '0', '2', '0');
INSERT INTO ItemTable (ItemID, ItemName, ItemPrice, ItemBuyDate, CategoryID, Recommend, Synchronize, RegionID, RegionType, ItemType, ZhuanTiID, CardID, ItemWebID) VALUES ('328', '面包+豆浆', '4.5', '2016-12-02 15:57:04', '12', '0', '1', '0', '', 'zc', '0', '2', '0');
INSERT INTO ItemTable (ItemID, ItemName, ItemPrice, ItemBuyDate, CategoryID, Recommend, Synchronize, RegionID, RegionType, ItemType, ZhuanTiID, CardID, ItemWebID) VALUES ('329', '麻辣烫', '7', '2016-12-02 15:57:25', '12', '0', '1', '0', '', 'zc', '0', '2', '0');
INSERT INTO ItemTable (ItemID, ItemName, ItemPrice, ItemBuyDate, CategoryID, Recommend, Synchronize, RegionID, RegionType, ItemType, ZhuanTiID, CardID, ItemWebID) VALUES ('330', '木瓜', '3.8', '2016-12-02 15:57:34', '28', '0', '1', '0', '', 'zc', '0', '2', '0');
INSERT INTO ItemTable (ItemID, ItemName, ItemPrice, ItemBuyDate, CategoryID, Recommend, Synchronize, RegionID, RegionType, ItemType, ZhuanTiID, CardID, ItemWebID) VALUES ('331', '馒头+豆浆', '3', '2016-12-03 15:57:52', '12', '0', '1', '0', '', 'zc', '0', '2', '0');
INSERT INTO ItemTable (ItemID, ItemName, ItemPrice, ItemBuyDate, CategoryID, Recommend, Synchronize, RegionID, RegionType, ItemType, ZhuanTiID, CardID, ItemWebID) VALUES ('332', '苹果+橙子+木瓜+柿子', '23.8', '2016-12-03 15:59:34', '28', '0', '1', '0', '', 'zc', '0', '2', '0');
INSERT INTO ItemTable (ItemID, ItemName, ItemPrice, ItemBuyDate, CategoryID, Recommend, Synchronize, RegionID, RegionType, ItemType, ZhuanTiID, CardID, ItemWebID) VALUES ('333', '麻辣烫', '6', '2016-12-03 15:59:44', '12', '0', '1', '0', '', 'zc', '0', '2', '0');
INSERT INTO ItemTable (ItemID, ItemName, ItemPrice, ItemBuyDate, CategoryID, Recommend, Synchronize, RegionID, RegionType, ItemType, ZhuanTiID, CardID, ItemWebID) VALUES ('334', '馒头+菜包+面包', '11', '2016-12-04 07:57:08', '12', '0', '1', '0', '', 'zc', '0', '2', '0');
INSERT INTO ItemTable (ItemID, ItemName, ItemPrice, ItemBuyDate, CategoryID, Recommend, Synchronize, RegionID, RegionType, ItemType, ZhuanTiID, CardID, ItemWebID) VALUES ('335', '门票', '20', '2016-12-04 07:57:23', '34', '0', '1', '0', '', 'zc', '0', '2', '0');
INSERT INTO ItemTable (ItemID, ItemName, ItemPrice, ItemBuyDate, CategoryID, Recommend, Synchronize, RegionID, RegionType, ItemType, ZhuanTiID, CardID, ItemWebID) VALUES ('336', '坐车', '10', '2016-12-04 07:57:48', '16', '0', '1', '0', '', 'zc', '0', '2', '0');
INSERT INTO ItemTable (ItemID, ItemName, ItemPrice, ItemBuyDate, CategoryID, Recommend, Synchronize, RegionID, RegionType, ItemType, ZhuanTiID, CardID, ItemWebID) VALUES ('337', '薯片', '5', '2016-12-03 18:41:36', '12', '0', '1', '0', '', 'zc', '0', '2', '0');
INSERT INTO ItemTable (ItemID, ItemName, ItemPrice, ItemBuyDate, CategoryID, Recommend, Synchronize, RegionID, RegionType, ItemType, ZhuanTiID, CardID, ItemWebID) VALUES ('338', '馒头+豆浆', '4', '2016-12-06 23:38:03', '12', '0', '1', '0', '', 'zc', '0', '2', '0');
INSERT INTO ItemTable (ItemID, ItemName, ItemPrice, ItemBuyDate, CategoryID, Recommend, Synchronize, RegionID, RegionType, ItemType, ZhuanTiID, CardID, ItemWebID) VALUES ('339', '凉皮', '7', '2016-12-06 23:38:09', '12', '0', '1', '0', '', 'zc', '0', '2', '0');
INSERT INTO ItemTable (ItemID, ItemName, ItemPrice, ItemBuyDate, CategoryID, Recommend, Synchronize, RegionID, RegionType, ItemType, ZhuanTiID, CardID, ItemWebID) VALUES ('340', '西红柿刀削面', '7', '2016-12-06 23:38:16', '12', '0', '1', '0', '', 'zc', '0', '2', '0');
INSERT INTO ItemTable (ItemID, ItemName, ItemPrice, ItemBuyDate, CategoryID, Recommend, Synchronize, RegionID, RegionType, ItemType, ZhuanTiID, CardID, ItemWebID) VALUES ('341', '木瓜+芭乐', '7.2', '2016-12-06 23:38:36', '28', '0', '1', '0', '', 'zc', '0', '2', '0');
INSERT INTO ItemTable (ItemID, ItemName, ItemPrice, ItemBuyDate, CategoryID, Recommend, Synchronize, RegionID, RegionType, ItemType, ZhuanTiID, CardID, ItemWebID) VALUES ('342', '护手霜', '28.9', '2016-12-06 23:38:53', '26', '0', '1', '0', '', 'zc', '0', '2', '0');
INSERT INTO ItemTable (ItemID, ItemName, ItemPrice, ItemBuyDate, CategoryID, Recommend, Synchronize, RegionID, RegionType, ItemType, ZhuanTiID, CardID, ItemWebID) VALUES ('343', '泽彬话费', '20', '2016-12-06 23:39:00', '26', '0', '1', '0', '', 'zc', '0', '2', '0');
INSERT INTO ItemTable (ItemID, ItemName, ItemPrice, ItemBuyDate, CategoryID, Recommend, Synchronize, RegionID, RegionType, ItemType, ZhuanTiID, CardID, ItemWebID) VALUES ('344', '体重计', '29', '2016-12-05 23:39:32', '26', '0', '1', '0', '', 'zc', '0', '2', '0');
INSERT INTO ItemTable (ItemID, ItemName, ItemPrice, ItemBuyDate, CategoryID, Recommend, Synchronize, RegionID, RegionType, ItemType, ZhuanTiID, CardID, ItemWebID) VALUES ('345', '馒头+蛋饼', '3', '2016-12-05 23:39:49', '12', '0', '1', '0', '', 'zc', '0', '2', '0');
INSERT INTO ItemTable (ItemID, ItemName, ItemPrice, ItemBuyDate, CategoryID, Recommend, Synchronize, RegionID, RegionType, ItemType, ZhuanTiID, CardID, ItemWebID) VALUES ('346', '包菜+土豆', '5', '2016-12-05 23:40:06', '12', '0', '1', '0', '', 'zc', '0', '2', '0');
INSERT INTO ItemTable (ItemID, ItemName, ItemPrice, ItemBuyDate, CategoryID, Recommend, Synchronize, RegionID, RegionType, ItemType, ZhuanTiID, CardID, ItemWebID) VALUES ('347', '麻辣烫', '7', '2016-12-05 23:40:17', '12', '0', '1', '0', '', 'zc', '0', '2', '0');
INSERT INTO ItemTable (ItemID, ItemName, ItemPrice, ItemBuyDate, CategoryID, Recommend, Synchronize, RegionID, RegionType, ItemType, ZhuanTiID, CardID, ItemWebID) VALUES ('348', '零食', '2', '2016-12-05 23:40:25', '12', '0', '1', '0', '', 'zc', '0', '2', '0');
INSERT INTO ItemTable (ItemID, ItemName, ItemPrice, ItemBuyDate, CategoryID, Recommend, Synchronize, RegionID, RegionType, ItemType, ZhuanTiID, CardID, ItemWebID) VALUES ('349', '紫薯包+马蹄酥', '2.5', '2016-12-07 23:56:52', '12', '0', '1', '0', '', 'zc', '0', '2', '0');
INSERT INTO ItemTable (ItemID, ItemName, ItemPrice, ItemBuyDate, CategoryID, Recommend, Synchronize, RegionID, RegionType, ItemType, ZhuanTiID, CardID, ItemWebID) VALUES ('350', '藕夹+肉+土豆', '13', '2016-12-07 23:57:18', '12', '0', '1', '0', '', 'zc', '0', '2', '0');
INSERT INTO ItemTable (ItemID, ItemName, ItemPrice, ItemBuyDate, CategoryID, Recommend, Synchronize, RegionID, RegionType, ItemType, ZhuanTiID, CardID, ItemWebID) VALUES ('351', '杨国有', '14', '2016-12-07 23:57:33', '12', '0', '1', '0', '', 'zc', '0', '2', '0');
INSERT INTO ItemTable (ItemID, ItemName, ItemPrice, ItemBuyDate, CategoryID, Recommend, Synchronize, RegionID, RegionType, ItemType, ZhuanTiID, CardID, ItemWebID) VALUES ('352', '馒头', '2', '2016-12-08 23:25:21', '12', '0', '1', '0', '', 'zc', '0', '2', '0');
INSERT INTO ItemTable (ItemID, ItemName, ItemPrice, ItemBuyDate, CategoryID, Recommend, Synchronize, RegionID, RegionType, ItemType, ZhuanTiID, CardID, ItemWebID) VALUES ('353', '锅包肉+芥菜+土豆', '8', '2016-12-08 23:25:36', '12', '0', '1', '0', '', 'zc', '0', '2', '0');
INSERT INTO ItemTable (ItemID, ItemName, ItemPrice, ItemBuyDate, CategoryID, Recommend, Synchronize, RegionID, RegionType, ItemType, ZhuanTiID, CardID, ItemWebID) VALUES ('354', '麻辣烫', '6', '2016-12-08 23:25:49', '12', '0', '1', '0', '', 'zc', '0', '2', '0');
INSERT INTO ItemTable (ItemID, ItemName, ItemPrice, ItemBuyDate, CategoryID, Recommend, Synchronize, RegionID, RegionType, ItemType, ZhuanTiID, CardID, ItemWebID) VALUES ('355', '苹果+柿饼+人篸果', '20', '2016-12-08 23:26:15', '28', '0', '1', '0', '', 'zc', '0', '2', '0');
INSERT INTO ItemTable (ItemID, ItemName, ItemPrice, ItemBuyDate, CategoryID, Recommend, Synchronize, RegionID, RegionType, ItemType, ZhuanTiID, CardID, ItemWebID) VALUES ('356', '馒头', '2', '2016-12-09 13:29:33', '12', '0', '1', '0', '', 'zc', '0', '2', '0');
INSERT INTO ItemTable (ItemID, ItemName, ItemPrice, ItemBuyDate, CategoryID, Recommend, Synchronize, RegionID, RegionType, ItemType, ZhuanTiID, CardID, ItemWebID) VALUES ('357', '排骨+包菜', '7.5', '2016-12-09 13:29:59', '12', '0', '1', '0', '', 'zc', '0', '2', '0');
INSERT INTO ItemTable (ItemID, ItemName, ItemPrice, ItemBuyDate, CategoryID, Recommend, Synchronize, RegionID, RegionType, ItemType, ZhuanTiID, CardID, ItemWebID) VALUES ('358', '紫薯', '5.2', '2016-12-09 13:30:09', '12', '0', '1', '0', '', 'zc', '0', '2', '0');
INSERT INTO ItemTable (ItemID, ItemName, ItemPrice, ItemBuyDate, CategoryID, Recommend, Synchronize, RegionID, RegionType, ItemType, ZhuanTiID, CardID, ItemWebID) VALUES ('359', '人篸果', '6.6', '2016-12-09 13:30:29', '28', '0', '1', '0', '', 'zc', '0', '2', '0');
INSERT INTO ItemTable (ItemID, ItemName, ItemPrice, ItemBuyDate, CategoryID, Recommend, Synchronize, RegionID, RegionType, ItemType, ZhuanTiID, CardID, ItemWebID) VALUES ('360', '肉末米线', '10', '2016-12-10 13:31:02', '12', '0', '1', '0', '', 'zc', '0', '2', '0');
INSERT INTO ItemTable (ItemID, ItemName, ItemPrice, ItemBuyDate, CategoryID, Recommend, Synchronize, RegionID, RegionType, ItemType, ZhuanTiID, CardID, ItemWebID) VALUES ('361', '旗山', '2', '2016-12-10 08:31:09', '16', '0', '1', '0', '', 'zc', '0', '2', '0');
INSERT INTO ItemTable (ItemID, ItemName, ItemPrice, ItemBuyDate, CategoryID, Recommend, Synchronize, RegionID, RegionType, ItemType, ZhuanTiID, CardID, ItemWebID) VALUES ('362', '豆浆+馒头', '3', '2016-12-11 08:31:21', '12', '0', '1', '0', '', 'zc', '0', '2', '0');
INSERT INTO ItemTable (ItemID, ItemName, ItemPrice, ItemBuyDate, CategoryID, Recommend, Synchronize, RegionID, RegionType, ItemType, ZhuanTiID, CardID, ItemWebID) VALUES ('363', '糖醋里脊+土豆+芥菜', '8', '2016-12-11 08:31:52', '12', '0', '1', '0', '', 'zc', '0', '2', '0');
INSERT INTO ItemTable (ItemID, ItemName, ItemPrice, ItemBuyDate, CategoryID, Recommend, Synchronize, RegionID, RegionType, ItemType, ZhuanTiID, CardID, ItemWebID) VALUES ('364', '麻辣烫', '7', '2016-12-11 08:32:23', '12', '0', '1', '0', '', 'zc', '0', '2', '0');
INSERT INTO ItemTable (ItemID, ItemName, ItemPrice, ItemBuyDate, CategoryID, Recommend, Synchronize, RegionID, RegionType, ItemType, ZhuanTiID, CardID, ItemWebID) VALUES ('365', '芭乐+木瓜', '11.4', '2016-12-11 08:32:34', '28', '0', '1', '0', '', 'zc', '0', '2', '0');
INSERT INTO ItemTable (ItemID, ItemName, ItemPrice, ItemBuyDate, CategoryID, Recommend, Synchronize, RegionID, RegionType, ItemType, ZhuanTiID, CardID, ItemWebID) VALUES ('366', '毛衣', '99', '2016-12-11 08:32:46', '14', '0', '1', '0', '', 'zc', '0', '2', '0');
INSERT INTO ItemTable (ItemID, ItemName, ItemPrice, ItemBuyDate, CategoryID, Recommend, Synchronize, RegionID, RegionType, ItemType, ZhuanTiID, CardID, ItemWebID) VALUES ('367', '卸妆乳', '45', '2016-12-11 08:33:07', '24', '0', '1', '0', '', 'zc', '0', '2', '0');
INSERT INTO ItemTable (ItemID, ItemName, ItemPrice, ItemBuyDate, CategoryID, Recommend, Synchronize, RegionID, RegionType, ItemType, ZhuanTiID, CardID, ItemWebID) VALUES ('368', '泽彬书', '19', '2016-12-11 09:33:29', '26', '0', '1', '0', '', 'zc', '0', '2', '0');
INSERT INTO ItemTable (ItemID, ItemName, ItemPrice, ItemBuyDate, CategoryID, Recommend, Synchronize, RegionID, RegionType, ItemType, ZhuanTiID, CardID, ItemWebID) VALUES ('369', '馒头+豆浆', '3', '2016-12-12 22:20:32', '12', '0', '1', '0', '', 'zc', '0', '2', '0');
INSERT INTO ItemTable (ItemID, ItemName, ItemPrice, ItemBuyDate, CategoryID, Recommend, Synchronize, RegionID, RegionType, ItemType, ZhuanTiID, CardID, ItemWebID) VALUES ('370', '锅包肉+土豆', '9', '2016-12-12 22:20:45', '12', '0', '1', '0', '', 'zc', '0', '2', '0');
INSERT INTO ItemTable (ItemID, ItemName, ItemPrice, ItemBuyDate, CategoryID, Recommend, Synchronize, RegionID, RegionType, ItemType, ZhuanTiID, CardID, ItemWebID) VALUES ('371', '麻辣烫', '7', '2016-12-12 22:20:50', '12', '0', '1', '0', '', 'zc', '0', '2', '0');
INSERT INTO ItemTable (ItemID, ItemName, ItemPrice, ItemBuyDate, CategoryID, Recommend, Synchronize, RegionID, RegionType, ItemType, ZhuanTiID, CardID, ItemWebID) VALUES ('372', '手机支架', '3.8', '2016-12-12 22:21:44', '20', '0', '1', '0', '', 'zc', '0', '2', '0');
INSERT INTO ItemTable (ItemID, ItemName, ItemPrice, ItemBuyDate, CategoryID, Recommend, Synchronize, RegionID, RegionType, ItemType, ZhuanTiID, CardID, ItemWebID) VALUES ('373', '馒头+牛奶', '4.5', '2016-12-13 23:12:42', '12', '0', '1', '0', '', 'zc', '0', '2', '0');
INSERT INTO ItemTable (ItemID, ItemName, ItemPrice, ItemBuyDate, CategoryID, Recommend, Synchronize, RegionID, RegionType, ItemType, ZhuanTiID, CardID, ItemWebID) VALUES ('374', '蒸蛋+菠菜', '6', '2016-12-13 23:13:03', '12', '0', '1', '0', '', 'zc', '0', '2', '0');
INSERT INTO ItemTable (ItemID, ItemName, ItemPrice, ItemBuyDate, CategoryID, Recommend, Synchronize, RegionID, RegionType, ItemType, ZhuanTiID, CardID, ItemWebID) VALUES ('375', '麻辣烫', '8', '2016-12-13 23:13:13', '12', '0', '1', '0', '', 'zc', '0', '2', '0');
INSERT INTO ItemTable (ItemID, ItemName, ItemPrice, ItemBuyDate, CategoryID, Recommend, Synchronize, RegionID, RegionType, ItemType, ZhuanTiID, CardID, ItemWebID) VALUES ('376', '芭乐+柿子', '11.2', '2016-12-13 23:13:28', '28', '0', '1', '0', '', 'zc', '0', '2', '0');
INSERT INTO ItemTable (ItemID, ItemName, ItemPrice, ItemBuyDate, CategoryID, Recommend, Synchronize, RegionID, RegionType, ItemType, ZhuanTiID, CardID, ItemWebID) VALUES ('377', '馒头', '1', '2016-12-14 09:04:35', '12', '0', '1', '0', '', 'zc', '0', '2', '0');
INSERT INTO ItemTable (ItemID, ItemName, ItemPrice, ItemBuyDate, CategoryID, Recommend, Synchronize, RegionID, RegionType, ItemType, ZhuanTiID, CardID, ItemWebID) VALUES ('378', '锅包肉+玉米+洋葱蛋', '8.5', '2016-12-14 09:05:00', '12', '0', '1', '0', '', 'zc', '0', '2', '0');
INSERT INTO ItemTable (ItemID, ItemName, ItemPrice, ItemBuyDate, CategoryID, Recommend, Synchronize, RegionID, RegionType, ItemType, ZhuanTiID, CardID, ItemWebID) VALUES ('379', '麻辣烫', '6.5', '2016-12-14 09:05:09', '12', '0', '1', '0', '', 'zc', '0', '2', '0');
INSERT INTO ItemTable (ItemID, ItemName, ItemPrice, ItemBuyDate, CategoryID, Recommend, Synchronize, RegionID, RegionType, ItemType, ZhuanTiID, CardID, ItemWebID) VALUES ('380', '馒头+豆浆', '3', '2016-12-15 23:06:39', '12', '0', '1', '0', '', 'zc', '0', '2', '0');
INSERT INTO ItemTable (ItemID, ItemName, ItemPrice, ItemBuyDate, CategoryID, Recommend, Synchronize, RegionID, RegionType, ItemType, ZhuanTiID, CardID, ItemWebID) VALUES ('381', '荔枝肉+蘑菇', '8', '2016-12-15 23:06:53', '12', '0', '1', '0', '', 'zc', '0', '2', '0');
INSERT INTO ItemTable (ItemID, ItemName, ItemPrice, ItemBuyDate, CategoryID, Recommend, Synchronize, RegionID, RegionType, ItemType, ZhuanTiID, CardID, ItemWebID) VALUES ('382', '紫薯', '5.4', '2016-12-15 23:07:12', '12', '0', '1', '0', '', 'zc', '0', '2', '0');
INSERT INTO ItemTable (ItemID, ItemName, ItemPrice, ItemBuyDate, CategoryID, Recommend, Synchronize, RegionID, RegionType, ItemType, ZhuanTiID, CardID, ItemWebID) VALUES ('383', '人篸果', '6.2', '2016-12-15 23:07:30', '28', '0', '1', '0', '', 'zc', '0', '2', '0');
INSERT INTO ItemTable (ItemID, ItemName, ItemPrice, ItemBuyDate, CategoryID, Recommend, Synchronize, RegionID, RegionType, ItemType, ZhuanTiID, CardID, ItemWebID) VALUES ('384', '馒头+豆浆', '3', '2016-12-16 22:11:22', '12', '0', '1', '0', '', 'zc', '0', '2', '0');
INSERT INTO ItemTable (ItemID, ItemName, ItemPrice, ItemBuyDate, CategoryID, Recommend, Synchronize, RegionID, RegionType, ItemType, ZhuanTiID, CardID, ItemWebID) VALUES ('385', '荔枝肉+锅包肉+蘑菇+西红柿炒蛋', '8', '2016-12-16 22:12:06', '12', '0', '1', '0', '', 'zc', '0', '2', '0');
INSERT INTO ItemTable (ItemID, ItemName, ItemPrice, ItemBuyDate, CategoryID, Recommend, Synchronize, RegionID, RegionType, ItemType, ZhuanTiID, CardID, ItemWebID) VALUES ('386', '麻辣烫', '7', '2016-12-16 22:12:14', '12', '0', '1', '0', '', 'zc', '0', '2', '0');
INSERT INTO ItemTable (ItemID, ItemName, ItemPrice, ItemBuyDate, CategoryID, Recommend, Synchronize, RegionID, RegionType, ItemType, ZhuanTiID, CardID, ItemWebID) VALUES ('387', '木瓜', '2.5', '2016-12-16 22:12:32', '28', '0', '1', '0', '', 'zc', '0', '2', '0');
INSERT INTO ItemTable (ItemID, ItemName, ItemPrice, ItemBuyDate, CategoryID, Recommend, Synchronize, RegionID, RegionType, ItemType, ZhuanTiID, CardID, ItemWebID) VALUES ('388', '馒头+豆浆', '3', '2016-12-17 22:12:48', '12', '0', '1', '0', '', 'zc', '0', '2', '0');
INSERT INTO ItemTable (ItemID, ItemName, ItemPrice, ItemBuyDate, CategoryID, Recommend, Synchronize, RegionID, RegionType, ItemType, ZhuanTiID, CardID, ItemWebID) VALUES ('389', '糖醋里脊+菜', '9', '2016-12-17 22:13:19', '12', '0', '1', '0', '', 'zc', '0', '2', '0');
INSERT INTO ItemTable (ItemID, ItemName, ItemPrice, ItemBuyDate, CategoryID, Recommend, Synchronize, RegionID, RegionType, ItemType, ZhuanTiID, CardID, ItemWebID) VALUES ('390', '麻辣烫', '7', '2016-12-18 22:13:27', '12', '0', '1', '0', '', 'zc', '0', '2', '0');
INSERT INTO ItemTable (ItemID, ItemName, ItemPrice, ItemBuyDate, CategoryID, Recommend, Synchronize, RegionID, RegionType, ItemType, ZhuanTiID, CardID, ItemWebID) VALUES ('391', '馒头+豆浆', '3', '2016-12-19 23:03:10', '12', '0', '1', '0', '', 'zc', '0', '2', '0');
INSERT INTO ItemTable (ItemID, ItemName, ItemPrice, ItemBuyDate, CategoryID, Recommend, Synchronize, RegionID, RegionType, ItemType, ZhuanTiID, CardID, ItemWebID) VALUES ('392', '肉+菜', '7.5', '2016-12-19 23:03:30', '12', '0', '1', '0', '', 'zc', '0', '2', '0');
INSERT INTO ItemTable (ItemID, ItemName, ItemPrice, ItemBuyDate, CategoryID, Recommend, Synchronize, RegionID, RegionType, ItemType, ZhuanTiID, CardID, ItemWebID) VALUES ('393', '麻辣烫', '6.5', '2016-12-19 23:03:38', '12', '0', '1', '0', '', 'zc', '0', '2', '0');
INSERT INTO ItemTable (ItemID, ItemName, ItemPrice, ItemBuyDate, CategoryID, Recommend, Synchronize, RegionID, RegionType, ItemType, ZhuanTiID, CardID, ItemWebID) VALUES ('394', '面包+玉米', '6', '2016-12-19 23:03:47', '12', '0', '1', '0', '', 'zc', '0', '2', '0');
INSERT INTO ItemTable (ItemID, ItemName, ItemPrice, ItemBuyDate, CategoryID, Recommend, Synchronize, RegionID, RegionType, ItemType, ZhuanTiID, CardID, ItemWebID) VALUES ('395', '猕猴桃+芭乐+人篸果', '23.5', '2016-12-19 23:04:03', '28', '0', '1', '0', '', 'zc', '0', '2', '0');
INSERT INTO ItemTable (ItemID, ItemName, ItemPrice, ItemBuyDate, CategoryID, Recommend, Synchronize, RegionID, RegionType, ItemType, ZhuanTiID, CardID, ItemWebID) VALUES ('396', '泽彬手机壳', '14', '2016-12-19 23:04:28', '26', '0', '1', '0', '', 'zc', '0', '2', '0');
INSERT INTO ItemTable (ItemID, ItemName, ItemPrice, ItemBuyDate, CategoryID, Recommend, Synchronize, RegionID, RegionType, ItemType, ZhuanTiID, CardID, ItemWebID) VALUES ('397', '袜子', '27.9', '2016-12-20 12:29:16', '26', '0', '1', '0', '', 'zc', '0', '2', '0');
INSERT INTO ItemTable (ItemID, ItemName, ItemPrice, ItemBuyDate, CategoryID, Recommend, Synchronize, RegionID, RegionType, ItemType, ZhuanTiID, CardID, ItemWebID) VALUES ('398', '袜子', '44', '2016-12-20 12:29:26', '26', '0', '1', '0', '', 'zc', '0', '2', '0');
INSERT INTO ItemTable (ItemID, ItemName, ItemPrice, ItemBuyDate, CategoryID, Recommend, Synchronize, RegionID, RegionType, ItemType, ZhuanTiID, CardID, ItemWebID) VALUES ('399', '馒头', '2', '2016-12-20 12:29:36', '12', '0', '1', '0', '', 'zc', '0', '2', '0');
INSERT INTO ItemTable (ItemID, ItemName, ItemPrice, ItemBuyDate, CategoryID, Recommend, Synchronize, RegionID, RegionType, ItemType, ZhuanTiID, CardID, ItemWebID) VALUES ('400', '凉皮', '7', '2016-12-20 12:29:47', '12', '0', '1', '0', '', 'zc', '0', '2', '0');
INSERT INTO ItemTable (ItemID, ItemName, ItemPrice, ItemBuyDate, CategoryID, Recommend, Synchronize, RegionID, RegionType, ItemType, ZhuanTiID, CardID, ItemWebID) VALUES ('401', '水饺', '7', '2016-12-20 12:29:52', '12', '0', '1', '0', '', 'zc', '0', '2', '0');
INSERT INTO ItemTable (ItemID, ItemName, ItemPrice, ItemBuyDate, CategoryID, Recommend, Synchronize, RegionID, RegionType, ItemType, ZhuanTiID, CardID, ItemWebID) VALUES ('402', '木瓜', '3', '2016-12-20 12:30:06', '28', '0', '1', '0', '', 'zc', '0', '2', '0');
INSERT INTO ItemTable (ItemID, ItemName, ItemPrice, ItemBuyDate, CategoryID, Recommend, Synchronize, RegionID, RegionType, ItemType, ZhuanTiID, CardID, ItemWebID) VALUES ('403', '馒头', '1', '2016-12-21 23:13:54', '12', '0', '1', '0', '', 'zc', '0', '2', '0');
INSERT INTO ItemTable (ItemID, ItemName, ItemPrice, ItemBuyDate, CategoryID, Recommend, Synchronize, RegionID, RegionType, ItemType, ZhuanTiID, CardID, ItemWebID) VALUES ('404', '肉+海蜇皮+菠菜', '8', '2016-12-21 23:14:02', '12', '0', '1', '0', '', 'zc', '0', '2', '0');
INSERT INTO ItemTable (ItemID, ItemName, ItemPrice, ItemBuyDate, CategoryID, Recommend, Synchronize, RegionID, RegionType, ItemType, ZhuanTiID, CardID, ItemWebID) VALUES ('405', '紫薯+汤圆', '10.8', '2016-12-21 23:14:31', '12', '0', '1', '0', '', 'zc', '0', '2', '0');
INSERT INTO ItemTable (ItemID, ItemName, ItemPrice, ItemBuyDate, CategoryID, Recommend, Synchronize, RegionID, RegionType, ItemType, ZhuanTiID, CardID, ItemWebID) VALUES ('406', '眼镜盒', '18.8', '2016-12-21 23:14:47', '26', '0', '1', '0', '', 'zc', '0', '2', '0');
INSERT INTO ItemTable (ItemID, ItemName, ItemPrice, ItemBuyDate, CategoryID, Recommend, Synchronize, RegionID, RegionType, ItemType, ZhuanTiID, CardID, ItemWebID) VALUES ('407', '馒头+豆浆', '3', '2016-12-22 23:15:03', '12', '0', '1', '0', '', 'zc', '0', '2', '0');
INSERT INTO ItemTable (ItemID, ItemName, ItemPrice, ItemBuyDate, CategoryID, Recommend, Synchronize, RegionID, RegionType, ItemType, ZhuanTiID, CardID, ItemWebID) VALUES ('408', '肉+豆芽+土豆', '8', '2016-12-22 23:15:30', '12', '0', '1', '0', '', 'zc', '0', '2', '0');
INSERT INTO ItemTable (ItemID, ItemName, ItemPrice, ItemBuyDate, CategoryID, Recommend, Synchronize, RegionID, RegionType, ItemType, ZhuanTiID, CardID, ItemWebID) VALUES ('409', '水饺', '8', '2016-12-22 23:15:43', '12', '0', '1', '0', '', 'zc', '0', '2', '0');
INSERT INTO ItemTable (ItemID, ItemName, ItemPrice, ItemBuyDate, CategoryID, Recommend, Synchronize, RegionID, RegionType, ItemType, ZhuanTiID, CardID, ItemWebID) VALUES ('410', '木瓜', '2.9', '2016-12-22 23:15:52', '28', '0', '1', '0', '', 'zc', '0', '2', '0');
INSERT INTO ItemTable (ItemID, ItemName, ItemPrice, ItemBuyDate, CategoryID, Recommend, Synchronize, RegionID, RegionType, ItemType, ZhuanTiID, CardID, ItemWebID) VALUES ('411', '舍费', '50', '2016-12-22 23:16:11', '36', '0', '1', '0', '', 'zc', '0', '2', '0');
INSERT INTO ItemTable (ItemID, ItemName, ItemPrice, ItemBuyDate, CategoryID, Recommend, Synchronize, RegionID, RegionType, ItemType, ZhuanTiID, CardID, ItemWebID) VALUES ('412', '馒头+豆浆', '3.5', '2016-12-23 07:33:05', '12', '0', '1', '0', '', 'zc', '0', '2', '0');
INSERT INTO ItemTable (ItemID, ItemName, ItemPrice, ItemBuyDate, CategoryID, Recommend, Synchronize, RegionID, RegionType, ItemType, ZhuanTiID, CardID, ItemWebID) VALUES ('413', '炸鱼+豆芽+豆腐', '7.5', '2016-12-23 07:33:24', '12', '0', '1', '0', '', 'zc', '0', '2', '0');
INSERT INTO ItemTable (ItemID, ItemName, ItemPrice, ItemBuyDate, CategoryID, Recommend, Synchronize, RegionID, RegionType, ItemType, ZhuanTiID, CardID, ItemWebID) VALUES ('414', '西红柿刀削面', '7', '2016-12-23 07:33:40', '12', '0', '1', '0', '', 'zc', '0', '2', '0');
INSERT INTO ItemTable (ItemID, ItemName, ItemPrice, ItemBuyDate, CategoryID, Recommend, Synchronize, RegionID, RegionType, ItemType, ZhuanTiID, CardID, ItemWebID) VALUES ('415', '馒头+马蹄酥', '2.5', '2016-12-24 23:24:47', '12', '0', '1', '0', '', 'zc', '0', '2', '0');
INSERT INTO ItemTable (ItemID, ItemName, ItemPrice, ItemBuyDate, CategoryID, Recommend, Synchronize, RegionID, RegionType, ItemType, ZhuanTiID, CardID, ItemWebID) VALUES ('416', '锅包肉+上海青', '7.5', '2016-12-24 23:25:08', '12', '0', '1', '0', '', 'zc', '0', '2', '0');
INSERT INTO ItemTable (ItemID, ItemName, ItemPrice, ItemBuyDate, CategoryID, Recommend, Synchronize, RegionID, RegionType, ItemType, ZhuanTiID, CardID, ItemWebID) VALUES ('417', '麻辣烫', '7.5', '2016-12-24 23:25:15', '12', '0', '1', '0', '', 'zc', '0', '2', '0');
INSERT INTO ItemTable (ItemID, ItemName, ItemPrice, ItemBuyDate, CategoryID, Recommend, Synchronize, RegionID, RegionType, ItemType, ZhuanTiID, CardID, ItemWebID) VALUES ('418', '芭乐', '6.5', '2016-12-24 23:25:46', '28', '0', '1', '0', '', 'zc', '0', '2', '0');
INSERT INTO ItemTable (ItemID, ItemName, ItemPrice, ItemBuyDate, CategoryID, Recommend, Synchronize, RegionID, RegionType, ItemType, ZhuanTiID, CardID, ItemWebID) VALUES ('419', '平安夜礼物（宿舍+学习部）', '30', '2016-12-24 23:26:36', '34', '0', '1', '0', '', 'zc', '0', '2', '0');
INSERT INTO ItemTable (ItemID, ItemName, ItemPrice, ItemBuyDate, CategoryID, Recommend, Synchronize, RegionID, RegionType, ItemType, ZhuanTiID, CardID, ItemWebID) VALUES ('420', '馒头+豆浆', '3', '2016-12-25 00:30:27', '12', '0', '1', '0', '', 'zc', '0', '2', '0');
INSERT INTO ItemTable (ItemID, ItemName, ItemPrice, ItemBuyDate, CategoryID, Recommend, Synchronize, RegionID, RegionType, ItemType, ZhuanTiID, CardID, ItemWebID) VALUES ('421', '培根+玉米青豆萝卜', '8.5', '2016-12-25 00:30:46', '12', '0', '1', '0', '', 'zc', '0', '2', '0');
INSERT INTO ItemTable (ItemID, ItemName, ItemPrice, ItemBuyDate, CategoryID, Recommend, Synchronize, RegionID, RegionType, ItemType, ZhuanTiID, CardID, ItemWebID) VALUES ('422', '麻辣烫', '7.5', '2016-12-25 00:30:56', '12', '0', '1', '0', '', 'zc', '0', '2', '0');
INSERT INTO ItemTable (ItemID, ItemName, ItemPrice, ItemBuyDate, CategoryID, Recommend, Synchronize, RegionID, RegionType, ItemType, ZhuanTiID, CardID, ItemWebID) VALUES ('423', '冰激凌', '2', '2016-12-25 00:31:11', '12', '0', '1', '0', '', 'zc', '0', '2', '0');
INSERT INTO ItemTable (ItemID, ItemName, ItemPrice, ItemBuyDate, CategoryID, Recommend, Synchronize, RegionID, RegionType, ItemType, ZhuanTiID, CardID, ItemWebID) VALUES ('424', '馒头+豆浆', '3', '2016-12-26 11:22:43', '12', '0', '1', '0', '', 'zc', '0', '2', '0');
INSERT INTO ItemTable (ItemID, ItemName, ItemPrice, ItemBuyDate, CategoryID, Recommend, Synchronize, RegionID, RegionType, ItemType, ZhuanTiID, CardID, ItemWebID) VALUES ('425', '真食膳', '8', '2016-12-26 11:23:04', '12', '0', '1', '0', '', 'zc', '0', '2', '0');
INSERT INTO ItemTable (ItemID, ItemName, ItemPrice, ItemBuyDate, CategoryID, Recommend, Synchronize, RegionID, RegionType, ItemType, ZhuanTiID, CardID, ItemWebID) VALUES ('426', '麻辣烫', '8', '2016-12-26 11:23:23', '12', '0', '1', '0', '', 'zc', '0', '2', '0');
INSERT INTO ItemTable (ItemID, ItemName, ItemPrice, ItemBuyDate, CategoryID, Recommend, Synchronize, RegionID, RegionType, ItemType, ZhuanTiID, CardID, ItemWebID) VALUES ('427', '馒头', '2', '2016-12-27 11:24:35', '12', '0', '1', '0', '', 'zc', '0', '2', '0');
INSERT INTO ItemTable (ItemID, ItemName, ItemPrice, ItemBuyDate, CategoryID, Recommend, Synchronize, RegionID, RegionType, ItemType, ZhuanTiID, CardID, ItemWebID) VALUES ('428', '真食膳', '9', '2016-12-27 11:25:07', '12', '0', '1', '0', '', 'zc', '0', '2', '0');
INSERT INTO ItemTable (ItemID, ItemName, ItemPrice, ItemBuyDate, CategoryID, Recommend, Synchronize, RegionID, RegionType, ItemType, ZhuanTiID, CardID, ItemWebID) VALUES ('429', '麻辣烫', '8', '2016-12-27 11:26:10', '12', '0', '1', '0', '', 'zc', '0', '2', '0');
INSERT INTO ItemTable (ItemID, ItemName, ItemPrice, ItemBuyDate, CategoryID, Recommend, Synchronize, RegionID, RegionType, ItemType, ZhuanTiID, CardID, ItemWebID) VALUES ('430', '馒头+豆浆', '3', '2016-12-28 11:27:25', '12', '0', '1', '0', '', 'zc', '0', '2', '0');
INSERT INTO ItemTable (ItemID, ItemName, ItemPrice, ItemBuyDate, CategoryID, Recommend, Synchronize, RegionID, RegionType, ItemType, ZhuanTiID, CardID, ItemWebID) VALUES ('431', '真食膳', '8', '2016-12-28 11:28:32', '12', '0', '1', '0', '', 'zc', '0', '2', '0');
INSERT INTO ItemTable (ItemID, ItemName, ItemPrice, ItemBuyDate, CategoryID, Recommend, Synchronize, RegionID, RegionType, ItemType, ZhuanTiID, CardID, ItemWebID) VALUES ('432', '麻辣烫', '7.5', '2016-12-28 11:28:45', '12', '0', '1', '0', '', 'zc', '0', '2', '0');
INSERT INTO ItemTable (ItemID, ItemName, ItemPrice, ItemBuyDate, CategoryID, Recommend, Synchronize, RegionID, RegionType, ItemType, ZhuanTiID, CardID, ItemWebID) VALUES ('433', '馒头+豆浆', '3', '2016-12-29 11:30:07', '12', '0', '1', '0', '', 'zc', '0', '2', '0');
INSERT INTO ItemTable (ItemID, ItemName, ItemPrice, ItemBuyDate, CategoryID, Recommend, Synchronize, RegionID, RegionType, ItemType, ZhuanTiID, CardID, ItemWebID) VALUES ('434', '真食膳', '7', '2016-12-29 11:30:14', '12', '0', '1', '0', '', 'zc', '0', '2', '0');
INSERT INTO ItemTable (ItemID, ItemName, ItemPrice, ItemBuyDate, CategoryID, Recommend, Synchronize, RegionID, RegionType, ItemType, ZhuanTiID, CardID, ItemWebID) VALUES ('435', '章鱼小丸子+地瓜', '8.3', '2016-12-29 11:31:23', '12', '0', '1', '0', '', 'zc', '0', '2', '0');
INSERT INTO ItemTable (ItemID, ItemName, ItemPrice, ItemBuyDate, CategoryID, Recommend, Synchronize, RegionID, RegionType, ItemType, ZhuanTiID, CardID, ItemWebID) VALUES ('436', '人篸果', '8.6', '2016-12-29 11:32:20', '28', '0', '1', '0', '', 'zc', '0', '2', '0');
INSERT INTO ItemTable (ItemID, ItemName, ItemPrice, ItemBuyDate, CategoryID, Recommend, Synchronize, RegionID, RegionType, ItemType, ZhuanTiID, CardID, ItemWebID) VALUES ('437', '馒头+豆浆', '3', '2016-12-30 12:55:27', '12', '0', '1', '0', '', 'zc', '0', '2', '0');
INSERT INTO ItemTable (ItemID, ItemName, ItemPrice, ItemBuyDate, CategoryID, Recommend, Synchronize, RegionID, RegionType, ItemType, ZhuanTiID, CardID, ItemWebID) VALUES ('438', '肉末米线', '8', '2016-12-30 12:55:37', '12', '0', '1', '0', '', 'zc', '0', '2', '0');
INSERT INTO ItemTable (ItemID, ItemName, ItemPrice, ItemBuyDate, CategoryID, Recommend, Synchronize, RegionID, RegionType, ItemType, ZhuanTiID, CardID, ItemWebID) VALUES ('439', '小米绿豆粥+蛋饼', '7', '2016-12-30 12:55:48', '12', '1', '1', '0', '', 'zc', '0', '2', '0');
INSERT INTO ItemTable (ItemID, ItemName, ItemPrice, ItemBuyDate, CategoryID, Recommend, Synchronize, RegionID, RegionType, ItemType, ZhuanTiID, CardID, ItemWebID) VALUES ('440', '馒头+豆浆', '3', '2016-12-31 12:56:13', '12', '0', '1', '0', '', 'zc', '0', '2', '0');
INSERT INTO ItemTable (ItemID, ItemName, ItemPrice, ItemBuyDate, CategoryID, Recommend, Synchronize, RegionID, RegionType, ItemType, ZhuanTiID, CardID, ItemWebID) VALUES ('441', '酸辣粉', '7', '2016-12-31 12:56:29', '12', '0', '1', '0', '', 'zc', '0', '2', '0');
INSERT INTO ItemTable (ItemID, ItemName, ItemPrice, ItemBuyDate, CategoryID, Recommend, Synchronize, RegionID, RegionType, ItemType, ZhuanTiID, CardID, ItemWebID) VALUES ('442', '杨国有', '12', '2016-12-31 12:56:37', '12', '0', '1', '0', '', 'zc', '0', '2', '0');
INSERT INTO ItemTable (ItemID, ItemName, ItemPrice, ItemBuyDate, CategoryID, Recommend, Synchronize, RegionID, RegionType, ItemType, ZhuanTiID, CardID, ItemWebID) VALUES ('443', '面包', '8.5', '2016-12-31 12:56:45', '12', '0', '1', '0', '', 'zc', '0', '2', '0');
INSERT INTO ItemTable (ItemID, ItemName, ItemPrice, ItemBuyDate, CategoryID, Recommend, Synchronize, RegionID, RegionType, ItemType, ZhuanTiID, CardID, ItemWebID) VALUES ('444', '馒头+豆浆', '3', '2017-01-01 12:56:56', '12', '0', '1', '0', '', 'zc', '0', '2', '0');
INSERT INTO ItemTable (ItemID, ItemName, ItemPrice, ItemBuyDate, CategoryID, Recommend, Synchronize, RegionID, RegionType, ItemType, ZhuanTiID, CardID, ItemWebID) VALUES ('445', '锅包肉+上海青', '7.5', '2017-01-01 12:57:10', '12', '0', '1', '0', '', 'zc', '0', '2', '0');
INSERT INTO ItemTable (ItemID, ItemName, ItemPrice, ItemBuyDate, CategoryID, Recommend, Synchronize, RegionID, RegionType, ItemType, ZhuanTiID, CardID, ItemWebID) VALUES ('446', '猕猴桃+芭乐+木瓜', '11.2', '2017-01-01 12:57:35', '28', '0', '1', '0', '', 'zc', '0', '2', '0');
INSERT INTO ItemTable (ItemID, ItemName, ItemPrice, ItemBuyDate, CategoryID, Recommend, Synchronize, RegionID, RegionType, ItemType, ZhuanTiID, CardID, ItemWebID) VALUES ('447', '杨国有', '11', '2017-01-01 23:16:28', '12', '0', '1', '0', '', 'zc', '0', '2', '0');
INSERT INTO ItemTable (ItemID, ItemName, ItemPrice, ItemBuyDate, CategoryID, Recommend, Synchronize, RegionID, RegionType, ItemType, ZhuanTiID, CardID, ItemWebID) VALUES ('448', '话费', '50', '2017-01-02 08:27:46', '38', '0', '1', '0', '', 'zc', '0', '2', '0');
INSERT INTO ItemTable (ItemID, ItemName, ItemPrice, ItemBuyDate, CategoryID, Recommend, Synchronize, RegionID, RegionType, ItemType, ZhuanTiID, CardID, ItemWebID) VALUES ('449', '馒头+豆浆', '3', '2017-01-04 12:12:04', '12', '0', '1', '0', '', 'zc', '0', '2', '0');
INSERT INTO ItemTable (ItemID, ItemName, ItemPrice, ItemBuyDate, CategoryID, Recommend, Synchronize, RegionID, RegionType, ItemType, ZhuanTiID, CardID, ItemWebID) VALUES ('450', '西红柿炒蛋+肉', '8.5', '2017-01-04 12:13:16', '12', '0', '1', '0', '', 'zc', '0', '2', '0');
INSERT INTO ItemTable (ItemID, ItemName, ItemPrice, ItemBuyDate, CategoryID, Recommend, Synchronize, RegionID, RegionType, ItemType, ZhuanTiID, CardID, ItemWebID) VALUES ('451', '小米绿豆粥+蛋饼', '7', '2017-01-02 12:13:23', '12', '0', '1', '0', '', 'zc', '0', '2', '0');
INSERT INTO ItemTable (ItemID, ItemName, ItemPrice, ItemBuyDate, CategoryID, Recommend, Synchronize, RegionID, RegionType, ItemType, ZhuanTiID, CardID, ItemWebID) VALUES ('452', '上海青+肉', '8', '2017-01-02 12:14:54', '12', '0', '1', '0', '', 'zc', '0', '2', '0');
INSERT INTO ItemTable (ItemID, ItemName, ItemPrice, ItemBuyDate, CategoryID, Recommend, Synchronize, RegionID, RegionType, ItemType, ZhuanTiID, CardID, ItemWebID) VALUES ('453', '馒头+豆浆', '3', '2017-01-02 12:14:07', '12', '0', '1', '0', '', 'zc', '0', '2', '0');
INSERT INTO ItemTable (ItemID, ItemName, ItemPrice, ItemBuyDate, CategoryID, Recommend, Synchronize, RegionID, RegionType, ItemType, ZhuanTiID, CardID, ItemWebID) VALUES ('454', '馒头+豆浆', '3.5', '2017-01-03 12:14:19', '12', '0', '1', '0', '', 'zc', '0', '2', '0');
INSERT INTO ItemTable (ItemID, ItemName, ItemPrice, ItemBuyDate, CategoryID, Recommend, Synchronize, RegionID, RegionType, ItemType, ZhuanTiID, CardID, ItemWebID) VALUES ('455', '上海青+锅包肉', '7.5', '2017-01-03 12:14:33', '12', '0', '1', '0', '', 'zc', '0', '2', '0');
INSERT INTO ItemTable (ItemID, ItemName, ItemPrice, ItemBuyDate, CategoryID, Recommend, Synchronize, RegionID, RegionType, ItemType, ZhuanTiID, CardID, ItemWebID) VALUES ('456', '麻辣烫', '9', '2017-01-03 12:14:43', '12', '0', '1', '0', '', 'zc', '0', '2', '0');
INSERT INTO ItemTable (ItemID, ItemName, ItemPrice, ItemBuyDate, CategoryID, Recommend, Synchronize, RegionID, RegionType, ItemType, ZhuanTiID, CardID, ItemWebID) VALUES ('457', '麻辣香锅的砂锅', '5.5', '2017-01-04 08:10:42', '12', '0', '1', '0', '', 'zc', '0', '2', '0');
INSERT INTO ItemTable (ItemID, ItemName, ItemPrice, ItemBuyDate, CategoryID, Recommend, Synchronize, RegionID, RegionType, ItemType, ZhuanTiID, CardID, ItemWebID) VALUES ('458', '猕猴桃+木瓜+芭乐', '16.8', '2017-01-04 08:11:04', '28', '0', '1', '0', '', 'zc', '0', '2', '0');
INSERT INTO ItemTable (ItemID, ItemName, ItemPrice, ItemBuyDate, CategoryID, Recommend, Synchronize, RegionID, RegionType, ItemType, ZhuanTiID, CardID, ItemWebID) VALUES ('459', '馒头', '2', '2017-01-05 23:03:34', '12', '0', '1', '0', '', 'zc', '0', '2', '0');
INSERT INTO ItemTable (ItemID, ItemName, ItemPrice, ItemBuyDate, CategoryID, Recommend, Synchronize, RegionID, RegionType, ItemType, ZhuanTiID, CardID, ItemWebID) VALUES ('460', '糯米饭+荔枝肉+上海青', '9', '2017-01-05 23:03:56', '12', '0', '1', '0', '', 'zc', '0', '2', '0');
INSERT INTO ItemTable (ItemID, ItemName, ItemPrice, ItemBuyDate, CategoryID, Recommend, Synchronize, RegionID, RegionType, ItemType, ZhuanTiID, CardID, ItemWebID) VALUES ('461', '麻辣香锅', '9', '2017-01-05 23:04:12', '12', '0', '1', '0', '', 'zc', '0', '2', '0');
INSERT INTO ItemTable (ItemID, ItemName, ItemPrice, ItemBuyDate, CategoryID, Recommend, Synchronize, RegionID, RegionType, ItemType, ZhuanTiID, CardID, ItemWebID) VALUES ('462', '泽彬话费', '50', '2017-01-05 23:04:23', '26', '0', '1', '0', '', 'zc', '0', '2', '0');
INSERT INTO ItemTable (ItemID, ItemName, ItemPrice, ItemBuyDate, CategoryID, Recommend, Synchronize, RegionID, RegionType, ItemType, ZhuanTiID, CardID, ItemWebID) VALUES ('463', '馒头+豆浆', '3', '2017-01-06 23:04:44', '12', '0', '1', '0', '', 'zc', '0', '2', '0');
INSERT INTO ItemTable (ItemID, ItemName, ItemPrice, ItemBuyDate, CategoryID, Recommend, Synchronize, RegionID, RegionType, ItemType, ZhuanTiID, CardID, ItemWebID) VALUES ('464', '荔枝肉+西红柿炒蛋', '8.5', '2017-01-06 23:05:10', '12', '0', '1', '0', '', 'zc', '0', '2', '0');
INSERT INTO ItemTable (ItemID, ItemName, ItemPrice, ItemBuyDate, CategoryID, Recommend, Synchronize, RegionID, RegionType, ItemType, ZhuanTiID, CardID, ItemWebID) VALUES ('465', '麻辣香锅', '9.4', '2017-01-06 23:05:20', '12', '0', '1', '0', '', 'zc', '0', '2', '0');
INSERT INTO ItemTable (ItemID, ItemName, ItemPrice, ItemBuyDate, CategoryID, Recommend, Synchronize, RegionID, RegionType, ItemType, ZhuanTiID, CardID, ItemWebID) VALUES ('466', '芭乐+柿子', '10.9', '2017-01-06 23:05:33', '28', '0', '1', '0', '', 'zc', '0', '2', '0');
INSERT INTO ItemTable (ItemID, ItemName, ItemPrice, ItemBuyDate, CategoryID, Recommend, Synchronize, RegionID, RegionType, ItemType, ZhuanTiID, CardID, ItemWebID) VALUES ('467', '馒头+豆浆', '3', '2017-01-07 23:15:47', '12', '0', '1', '0', '', 'zc', '0', '2', '0');
INSERT INTO ItemTable (ItemID, ItemName, ItemPrice, ItemBuyDate, CategoryID, Recommend, Synchronize, RegionID, RegionType, ItemType, ZhuanTiID, CardID, ItemWebID) VALUES ('468', '肉+豆干', '7', '2017-01-07 23:16:11', '12', '0', '1', '0', '', 'zc', '0', '2', '0');
INSERT INTO ItemTable (ItemID, ItemName, ItemPrice, ItemBuyDate, CategoryID, Recommend, Synchronize, RegionID, RegionType, ItemType, ZhuanTiID, CardID, ItemWebID) VALUES ('469', '麻辣香锅', '6.4', '2017-01-07 23:17:15', '12', '0', '1', '0', '', 'zc', '0', '2', '0');
INSERT INTO ItemTable (ItemID, ItemName, ItemPrice, ItemBuyDate, CategoryID, Recommend, Synchronize, RegionID, RegionType, ItemType, ZhuanTiID, CardID, ItemWebID) VALUES ('470', '豆浆+馒头', '3', '2017-01-08 23:17:37', '12', '0', '1', '0', '', 'zc', '0', '2', '0');
INSERT INTO ItemTable (ItemID, ItemName, ItemPrice, ItemBuyDate, CategoryID, Recommend, Synchronize, RegionID, RegionType, ItemType, ZhuanTiID, CardID, ItemWebID) VALUES ('471', '杨国有', '11', '2017-01-08 23:17:47', '12', '0', '1', '0', '', 'zc', '0', '2', '0');
INSERT INTO ItemTable (ItemID, ItemName, ItemPrice, ItemBuyDate, CategoryID, Recommend, Synchronize, RegionID, RegionType, ItemType, ZhuanTiID, CardID, ItemWebID) VALUES ('472', '麻辣香锅的砂锅', '6.3', '2017-01-08 23:18:03', '12', '0', '1', '0', '', 'zc', '0', '2', '0');
INSERT INTO ItemTable (ItemID, ItemName, ItemPrice, ItemBuyDate, CategoryID, Recommend, Synchronize, RegionID, RegionType, ItemType, ZhuanTiID, CardID, ItemWebID) VALUES ('473', '火龙果+木瓜', '11.2', '2017-01-08 23:18:21', '28', '0', '1', '0', '', 'zc', '0', '2', '0');
INSERT INTO ItemTable (ItemID, ItemName, ItemPrice, ItemBuyDate, CategoryID, Recommend, Synchronize, RegionID, RegionType, ItemType, ZhuanTiID, CardID, ItemWebID) VALUES ('474', '木瓜', '2.8', '2017-01-09 23:18:58', '28', '0', '1', '0', '', 'zc', '0', '2', '0');
INSERT INTO ItemTable (ItemID, ItemName, ItemPrice, ItemBuyDate, CategoryID, Recommend, Synchronize, RegionID, RegionType, ItemType, ZhuanTiID, CardID, ItemWebID) VALUES ('475', '千层饼+馒头', '4.3', '2017-01-09 23:19:23', '12', '0', '1', '0', '', 'zc', '0', '2', '0');
INSERT INTO ItemTable (ItemID, ItemName, ItemPrice, ItemBuyDate, CategoryID, Recommend, Synchronize, RegionID, RegionType, ItemType, ZhuanTiID, CardID, ItemWebID) VALUES ('476', '锅包肉+土豆', '9', '2017-01-09 23:19:39', '12', '0', '1', '0', '', 'zc', '0', '2', '0');
INSERT INTO ItemTable (ItemID, ItemName, ItemPrice, ItemBuyDate, CategoryID, Recommend, Synchronize, RegionID, RegionType, ItemType, ZhuanTiID, CardID, ItemWebID) VALUES ('477', '麻辣烫', '8', '2017-01-09 23:19:50', '12', '0', '1', '0', '', 'zc', '0', '2', '0');
INSERT INTO ItemTable (ItemID, ItemName, ItemPrice, ItemBuyDate, CategoryID, Recommend, Synchronize, RegionID, RegionType, ItemType, ZhuanTiID, CardID, ItemWebID) VALUES ('478', '鸡蛋汉堡+豆浆', '5', '2017-01-10 23:04:12', '12', '0', '1', '0', '', 'zc', '0', '2', '0');
INSERT INTO ItemTable (ItemID, ItemName, ItemPrice, ItemBuyDate, CategoryID, Recommend, Synchronize, RegionID, RegionType, ItemType, ZhuanTiID, CardID, ItemWebID) VALUES ('479', '肉+海带', '7.5', '2017-01-10 23:04:27', '12', '0', '1', '0', '', 'zc', '0', '2', '0');
INSERT INTO ItemTable (ItemID, ItemName, ItemPrice, ItemBuyDate, CategoryID, Recommend, Synchronize, RegionID, RegionType, ItemType, ZhuanTiID, CardID, ItemWebID) VALUES ('480', '麻辣烫', '8', '2017-01-10 23:04:34', '12', '0', '1', '0', '', 'zc', '0', '2', '0');
INSERT INTO ItemTable (ItemID, ItemName, ItemPrice, ItemBuyDate, CategoryID, Recommend, Synchronize, RegionID, RegionType, ItemType, ZhuanTiID, CardID, ItemWebID) VALUES ('481', '猕猴桃', '7.6', '2017-01-10 23:04:45', '28', '0', '1', '0', '', 'zc', '0', '2', '0');
INSERT INTO ItemTable (ItemID, ItemName, ItemPrice, ItemBuyDate, CategoryID, Recommend, Synchronize, RegionID, RegionType, ItemType, ZhuanTiID, CardID, ItemWebID) VALUES ('482', '千层饼+豆浆', '4.5', '2017-01-11 21:57:16', '12', '0', '1', '0', '', 'zc', '0', '2', '0');
INSERT INTO ItemTable (ItemID, ItemName, ItemPrice, ItemBuyDate, CategoryID, Recommend, Synchronize, RegionID, RegionType, ItemType, ZhuanTiID, CardID, ItemWebID) VALUES ('483', '锅包肉+海带', '7.5', '2017-01-11 21:57:31', '12', '0', '1', '0', '', 'zc', '0', '2', '0');
INSERT INTO ItemTable (ItemID, ItemName, ItemPrice, ItemBuyDate, CategoryID, Recommend, Synchronize, RegionID, RegionType, ItemType, ZhuanTiID, CardID, ItemWebID) VALUES ('484', '麻辣香锅', '7', '2017-01-11 21:57:42', '12', '0', '1', '0', '', 'zc', '0', '2', '0');
INSERT INTO ItemTable (ItemID, ItemName, ItemPrice, ItemBuyDate, CategoryID, Recommend, Synchronize, RegionID, RegionType, ItemType, ZhuanTiID, CardID, ItemWebID) VALUES ('485', '泽彬保温杯', '99', '2017-01-11 21:57:59', '26', '0', '1', '0', '', 'zc', '0', '2', '0');
INSERT INTO ItemTable (ItemID, ItemName, ItemPrice, ItemBuyDate, CategoryID, Recommend, Synchronize, RegionID, RegionType, ItemType, ZhuanTiID, CardID, ItemWebID) VALUES ('486', '大衣+裤子', '257', '2017-01-12 12:24:19', '14', '0', '1', '0', '', 'zc', '0', '2', '0');
INSERT INTO ItemTable (ItemID, ItemName, ItemPrice, ItemBuyDate, CategoryID, Recommend, Synchronize, RegionID, RegionType, ItemType, ZhuanTiID, CardID, ItemWebID) VALUES ('487', '馒头+豆浆', '4', '2017-01-13 12:37:15', '12', '0', '1', '0', '', 'zc', '0', '2', '0');
INSERT INTO ItemTable (ItemID, ItemName, ItemPrice, ItemBuyDate, CategoryID, Recommend, Synchronize, RegionID, RegionType, ItemType, ZhuanTiID, CardID, ItemWebID) VALUES ('488', '海带+土豆+锅包肉', '8', '2017-01-13 12:37:30', '12', '0', '1', '0', '', 'zc', '0', '2', '0');
INSERT INTO ItemTable (ItemID, ItemName, ItemPrice, ItemBuyDate, CategoryID, Recommend, Synchronize, RegionID, RegionType, ItemType, ZhuanTiID, CardID, ItemWebID) VALUES ('489', '麻辣烫', '9.5', '2017-01-13 12:37:37', '12', '0', '1', '0', '', 'zc', '0', '2', '0');
INSERT INTO ItemTable (ItemID, ItemName, ItemPrice, ItemBuyDate, CategoryID, Recommend, Synchronize, RegionID, RegionType, ItemType, ZhuanTiID, CardID, ItemWebID) VALUES ('490', '馒头+豆浆', '3', '2017-01-14 22:38:58', '12', '0', '1', '0', '', 'zc', '0', '2', '0');
INSERT INTO ItemTable (ItemID, ItemName, ItemPrice, ItemBuyDate, CategoryID, Recommend, Synchronize, RegionID, RegionType, ItemType, ZhuanTiID, CardID, ItemWebID) VALUES ('491', '海带+土豆+鱿鱼', '8', '2017-01-14 22:39:04', '12', '0', '1', '0', '', 'zc', '0', '2', '0');
INSERT INTO ItemTable (ItemID, ItemName, ItemPrice, ItemBuyDate, CategoryID, Recommend, Synchronize, RegionID, RegionType, ItemType, ZhuanTiID, CardID, ItemWebID) VALUES ('492', '麻辣烫', '8.5', '2017-01-14 22:39:25', '12', '0', '1', '0', '', 'zc', '0', '2', '0');
INSERT INTO ItemTable (ItemID, ItemName, ItemPrice, ItemBuyDate, CategoryID, Recommend, Synchronize, RegionID, RegionType, ItemType, ZhuanTiID, CardID, ItemWebID) VALUES ('493', '馒头+豆浆', '3', '2017-01-15 22:39:40', '12', '0', '1', '0', '', 'zc', '0', '2', '0');
INSERT INTO ItemTable (ItemID, ItemName, ItemPrice, ItemBuyDate, CategoryID, Recommend, Synchronize, RegionID, RegionType, ItemType, ZhuanTiID, CardID, ItemWebID) VALUES ('494', '锅包肉+黄豆', '8', '2017-01-15 22:39:50', '12', '0', '1', '0', '', 'zc', '0', '2', '0');
INSERT INTO ItemTable (ItemID, ItemName, ItemPrice, ItemBuyDate, CategoryID, Recommend, Synchronize, RegionID, RegionType, ItemType, ZhuanTiID, CardID, ItemWebID) VALUES ('495', '麻辣烫', '8', '2017-01-15 22:39:58', '12', '0', '1', '0', '', 'zc', '0', '2', '0');
INSERT INTO ItemTable (ItemID, ItemName, ItemPrice, ItemBuyDate, CategoryID, Recommend, Synchronize, RegionID, RegionType, ItemType, ZhuanTiID, CardID, ItemWebID) VALUES ('496', '洗面奶', '99', '2017-01-15 22:40:07', '24', '0', '1', '0', '', 'zc', '0', '2', '0');
INSERT INTO ItemTable (ItemID, ItemName, ItemPrice, ItemBuyDate, CategoryID, Recommend, Synchronize, RegionID, RegionType, ItemType, ZhuanTiID, CardID, ItemWebID) VALUES ('497', '笔芯', '27', '2017-01-15 22:40:26', '26', '0', '1', '0', '', 'zc', '0', '2', '0');
INSERT INTO ItemTable (ItemID, ItemName, ItemPrice, ItemBuyDate, CategoryID, Recommend, Synchronize, RegionID, RegionType, ItemType, ZhuanTiID, CardID, ItemWebID) VALUES ('498', '千层饼', '2.4', '2017-01-16 20:50:01', '12', '0', '1', '0', '', 'zc', '0', '2', '0');
INSERT INTO ItemTable (ItemID, ItemName, ItemPrice, ItemBuyDate, CategoryID, Recommend, Synchronize, RegionID, RegionType, ItemType, ZhuanTiID, CardID, ItemWebID) VALUES ('499', '肉+上海青', '8', '2017-01-16 20:50:05', '12', '0', '1', '0', '', 'zc', '0', '2', '0');

DELETE FROM CategoryTable;
INSERT INTO CategoryTable (CategoryID, CategoryName, CategoryPrice, CategoryRank, CategoryDisplay, CategoryLive, Synchronize) VALUES ('1', '菜米油盐酱醋', '0', '1', '1', '0', '1');
INSERT INTO CategoryTable (CategoryID, CategoryName, CategoryPrice, CategoryRank, CategoryDisplay, CategoryLive, Synchronize) VALUES ('2', '外就餐', '0', '2', '1', '0', '1');
INSERT INTO CategoryTable (CategoryID, CategoryName, CategoryPrice, CategoryRank, CategoryDisplay, CategoryLive, Synchronize) VALUES ('3', '烟酒水', '0', '3', '1', '0', '1');
INSERT INTO CategoryTable (CategoryID, CategoryName, CategoryPrice, CategoryRank, CategoryDisplay, CategoryLive, Synchronize) VALUES ('4', '零食', '0', '4', '1', '0', '1');
INSERT INTO CategoryTable (CategoryID, CategoryName, CategoryPrice, CategoryRank, CategoryDisplay, CategoryLive, Synchronize) VALUES ('5', '水果', '0', '5', '1', '0', '1');
INSERT INTO CategoryTable (CategoryID, CategoryName, CategoryPrice, CategoryRank, CategoryDisplay, CategoryLive, Synchronize) VALUES ('6', '日用品', '0', '6', '1', '0', '1');
INSERT INTO CategoryTable (CategoryID, CategoryName, CategoryPrice, CategoryRank, CategoryDisplay, CategoryLive, Synchronize) VALUES ('7', '电子产品', '0', '7', '1', '0', '1');
INSERT INTO CategoryTable (CategoryID, CategoryName, CategoryPrice, CategoryRank, CategoryDisplay, CategoryLive, Synchronize) VALUES ('8', '衣裤鞋袜帽', '0', '8', '1', '0', '1');
INSERT INTO CategoryTable (CategoryID, CategoryName, CategoryPrice, CategoryRank, CategoryDisplay, CategoryLive, Synchronize) VALUES ('9', '杂费用', '0', '9', '1', '0', '1');
INSERT INTO CategoryTable (CategoryID, CategoryName, CategoryPrice, CategoryRank, CategoryDisplay, CategoryLive, Synchronize) VALUES ('10', '娱乐', '0', '10', '1', '0', '1');
INSERT INTO CategoryTable (CategoryID, CategoryName, CategoryPrice, CategoryRank, CategoryDisplay, CategoryLive, Synchronize) VALUES ('12', '吃', '0', '12', '1', '1', '1');
INSERT INTO CategoryTable (CategoryID, CategoryName, CategoryPrice, CategoryRank, CategoryDisplay, CategoryLive, Synchronize) VALUES ('14', '穿', '0', '14', '1', '1', '1');
INSERT INTO CategoryTable (CategoryID, CategoryName, CategoryPrice, CategoryRank, CategoryDisplay, CategoryLive, Synchronize) VALUES ('16', '行', '0', '16', '1', '1', '1');
INSERT INTO CategoryTable (CategoryID, CategoryName, CategoryPrice, CategoryRank, CategoryDisplay, CategoryLive, Synchronize) VALUES ('18', '学费住宿费', '0', '18', '1', '1', '1');
INSERT INTO CategoryTable (CategoryID, CategoryName, CategoryPrice, CategoryRank, CategoryDisplay, CategoryLive, Synchronize) VALUES ('20', '生活用', '0', '20', '1', '1', '1');
INSERT INTO CategoryTable (CategoryID, CategoryName, CategoryPrice, CategoryRank, CategoryDisplay, CategoryLive, Synchronize) VALUES ('22', '学习用', '0', '22', '1', '1', '1');
INSERT INTO CategoryTable (CategoryID, CategoryName, CategoryPrice, CategoryRank, CategoryDisplay, CategoryLive, Synchronize) VALUES ('24', '化妆用', '0', '24', '1', '1', '1');
INSERT INTO CategoryTable (CategoryID, CategoryName, CategoryPrice, CategoryRank, CategoryDisplay, CategoryLive, Synchronize) VALUES ('26', '家', '0', '26', '1', '1', '1');
INSERT INTO CategoryTable (CategoryID, CategoryName, CategoryPrice, CategoryRank, CategoryDisplay, CategoryLive, Synchronize) VALUES ('28', '水果', '0', '28', '1', '1', '1');
INSERT INTO CategoryTable (CategoryID, CategoryName, CategoryPrice, CategoryRank, CategoryDisplay, CategoryLive, Synchronize) VALUES ('30', '考试', '0', '30', '1', '1', '1');
INSERT INTO CategoryTable (CategoryID, CategoryName, CategoryPrice, CategoryRank, CategoryDisplay, CategoryLive, Synchronize) VALUES ('32', '钱包', '0', '32', '1', '1', '1');
INSERT INTO CategoryTable (CategoryID, CategoryName, CategoryPrice, CategoryRank, CategoryDisplay, CategoryLive, Synchronize) VALUES ('34', '娱乐用', '0', '34', '1', '1', '1');
INSERT INTO CategoryTable (CategoryID, CategoryName, CategoryPrice, CategoryRank, CategoryDisplay, CategoryLive, Synchronize) VALUES ('36', '舍费', '0', '36', '1', '1', '1');
INSERT INTO CategoryTable (CategoryID, CategoryName, CategoryPrice, CategoryRank, CategoryDisplay, CategoryLive, Synchronize) VALUES ('38', '手机用', '0', '38', '1', '1', '1');

DELETE FROM ZhuanTiTable;

DELETE FROM ZhuanZhangTable;

DELETE FROM CardTable;
INSERT INTO CardTable (CDID, CardName, CardMoney, CardLive, Synchronize, CardNumber, CardImage) VALUES ('2', '大二上', '0', '1', '1', 'null', 'null');
INSERT INTO CardTable (CDID, CardName, CardMoney, CardLive, Synchronize, CardNumber, CardImage) VALUES ('4', '大二上开学', '0', '1', '1', 'null', 'null');
